Areaname,ST,,LND110210D
UNITED STATES,00,0,3531905.43
ALABAMA,01,0,50645.33
"Autauga, AL",01,1,594.44
"Baldwin, AL",01,3,1589.78
"Barbour, AL",01,5,884.88
"Bibb, AL",01,7,622.58
"Blount, AL",01,9,644.78
"Bullock, AL",01,11,622.81
"Butler, AL",01,13,776.83
"Calhoun, AL",01,15,605.87
"Chambers, AL",01,17,596.53
"Cherokee, AL",01,19,553.7
"Chilton, AL",01,21,692.85
"Choctaw, AL",01,23,913.5
"Clarke, AL",01,25,1238.47
"Clay, AL",01,27,603.96
"Cleburne, AL",01,29,560.1
"Coffee, AL",01,31,678.97
"Colbert, AL",01,33,592.62
"Conecuh, AL",01,35,850.16
"Coosa, AL",01,37,650.93
"Covington, AL",01,39,1030.46
"Crenshaw, AL",01,41,608.84
"Cullman, AL",01,43,734.84
"Dale, AL",01,45,561.15
"Dallas, AL",01,47,978.7
"DeKalb, AL",01,49,777.09
"Elmore, AL",01,51,618.49
"Escambia, AL",01,53,945.08
"Etowah, AL",01,55,534.99
"Fayette, AL",01,57,627.66
"Franklin, AL",01,59,633.82
"Geneva, AL",01,61,574.41
"Greene, AL",01,63,647.11
"Hale, AL",01,65,643.94
"Henry, AL",01,67,561.75
"Houston, AL",01,69,579.82
"Jackson, AL",01,71,1077.87
"Jefferson, AL",01,73,1111.28
"Lamar, AL",01,75,604.85
"Lauderdale, AL",01,77,667.7
"Lawrence, AL",01,79,690.68
"Lee, AL",01,81,607.54
"Limestone, AL",01,83,559.94
"Lowndes, AL",01,85,715.91
"Macon, AL",01,87,608.89
"Madison, AL",01,89,801.59
"Marengo, AL",01,91,976.88
"Marion, AL",01,93,742.29
"Marshall, AL",01,95,565.84
"Mobile, AL",01,97,1229.44
"Monroe, AL",01,99,1025.68
"Montgomery, AL",01,101,784.25
"Morgan, AL",01,103,579.34
"Perry, AL",01,105,719.66
"Pickens, AL",01,107,881.41
"Pike, AL",01,109,672.09
"Randolph, AL",01,111,580.55
"Russell, AL",01,113,641.14
"St. Clair, AL",01,115,631.9
"Shelby, AL",01,117,784.93
"Sumter, AL",01,119,903.89
"Talladega, AL",01,121,736.78
"Tallapoosa, AL",01,123,716.52
"Tuscaloosa, AL",01,125,1321.76
"Walker, AL",01,127,791.19
"Washington, AL",01,129,1080.21
"Wilcox, AL",01,131,888.5
"Winston, AL",01,133,612.98
ALASKA,02,0,570640.95
"Aleutians East, AK",02,13,6981.94
"Aleutians West, AK",02,16,4390.28
"Anchorage, AK",02,20,1704.68
"Bethel, AK",02,50,40570
"Bristol Bay, AK",02,60,503.84
"Denali, AK",02,68,12751.41
"Dillingham, AK",02,70,18568.78
"Fairbanks North Star, AK",02,90,7338.21
"Haines, AK",02,100,2318.6
"Hoonah-Angoon, AK",02,105,7524.92
"Juneau, AK",02,110,2701.93
"Kenai Peninsula, AK",02,122,16075.33
"Ketchikan Gateway, AK",02,130,4858.41
"Kodiak Island, AK",02,150,6549.58
"Lake and Peninsula, AK",02,164,23652.01
"Matanuska-Susitna, AK",02,170,24607.9
"Nome, AK",02,180,22961.76
"North Slope, AK",02,185,88695.41
"Northwest Arctic, AK",02,188,35572.58
"Petersburg, AK",02,195,3281.98
"Prince of Wales-Hyder, AK",02,198,3922.87
"Sitka, AK",02,220,2870.34
"Skagway, AK",02,230,452.33
"Southeast Fairbanks, AK",02,240,24768.81
"Valdez-Cordova, AK",02,261,34239.88
"Wade Hampton, AK",02,270,17081.43
"Wrangell, AK",02,275,2541.48
"Yakutat, AK",02,282,7649.46
"Yukon-Koyukuk, AK",02,290,145504.79
ARIZONA,04,0,113594.08
"Apache, AZ",04,1,11197.52
"Cochise, AZ",04,3,6165.69
"Coconino, AZ",04,5,18618.89
"Gila, AZ",04,7,4757.93
"Graham, AZ",04,9,4622.6
"Greenlee, AZ",04,11,1843.13
"La Paz, AZ",04,12,4499.63
"Maricopa, AZ",04,13,9200.14
"Mohave, AZ",04,15,13311.08
"Navajo, AZ",04,17,9950.42
"Pima, AZ",04,19,9187.04
"Pinal, AZ",04,21,5365.61
"Santa Cruz, AZ",04,23,1236.92
"Yavapai, AZ",04,25,8123.5
"Yuma, AZ",04,27,5513.99
ARKANSAS,05,0,52035.48
"Arkansas, AR",05,1,988.77
"Ashley, AR",05,3,925.35
"Baxter, AR",05,5,554.28
"Benton, AR",05,7,847.36
"Boone, AR",05,9,590.23
"Bradley, AR",05,11,649.23
"Calhoun, AR",05,13,628.58
"Carroll, AR",05,15,630.09
"Chicot, AR",05,17,644.3
"Clark, AR",05,19,866.07
"Clay, AR",05,21,639.47
"Cleburne, AR",05,23,553.69
"Cleveland, AR",05,25,597.78
"Columbia, AR",05,27,766.05
"Conway, AR",05,29,552.25
"Craighead, AR",05,31,707.21
"Crawford, AR",05,33,593.09
"Crittenden, AR",05,35,609.76
"Cross, AR",05,37,616.38
"Dallas, AR",05,39,667.39
"Desha, AR",05,41,768.15
"Drew, AR",05,43,828.36
"Faulkner, AR",05,45,647.88
"Franklin, AR",05,47,608.86
"Fulton, AR",05,49,618.19
"Garland, AR",05,51,677.78
"Grant, AR",05,53,631.81
"Greene, AR",05,55,577.7
"Hempstead, AR",05,57,727.52
"Hot Spring, AR",05,59,615.2
"Howard, AR",05,61,588.55
"Independence, AR",05,63,763.95
"Izard, AR",05,65,580.58
"Jackson, AR",05,67,633.94
"Jefferson, AR",05,69,870.75
"Johnson, AR",05,71,659.8
"Lafayette, AR",05,73,528.27
"Lawrence, AR",05,75,587.61
"Lee, AR",05,77,602.62
"Lincoln, AR",05,79,561.52
"Little River, AR",05,81,532.25
"Logan, AR",05,83,708.13
"Lonoke, AR",05,85,770.73
"Madison, AR",05,87,834.26
"Marion, AR",05,89,597.01
"Miller, AR",05,91,625.58
"Mississippi, AR",05,93,900.57
"Monroe, AR",05,95,607.12
"Montgomery, AR",05,97,779.88
"Nevada, AR",05,99,617.84
"Newton, AR",05,101,820.9
"Ouachita, AR",05,103,732.78
"Perry, AR",05,105,551.4
"Phillips, AR",05,107,695.66
"Pike, AR",05,109,600.62
"Poinsett, AR",05,111,758.39
"Polk, AR",05,113,857.68
"Pope, AR",05,115,812.55
"Prairie, AR",05,117,647.96
"Pulaski, AR",05,119,759.76
"Randolph, AR",05,121,652.19
"St. Francis, AR",05,123,634.77
"Saline, AR",05,125,723.6
"Scott, AR",05,127,892.32
"Searcy, AR",05,129,666.1
"Sebastian, AR",05,131,531.91
"Sevier, AR",05,133,565.13
"Sharp, AR",05,135,604.44
"Stone, AR",05,137,606.41
"Union, AR",05,139,1039.21
"Van Buren, AR",05,141,708.14
"Washington, AR",05,143,941.97
"White, AR",05,145,1035.08
"Woodruff, AR",05,147,586.79
"Yell, AR",05,149,929.98
CALIFORNIA,06,0,155779.22
"Alameda, CA",06,1,739.02
"Alpine, CA",06,3,738.33
"Amador, CA",06,5,594.58
"Butte, CA",06,7,1636.46
"Calaveras, CA",06,9,1020.01
"Colusa, CA",06,11,1150.73
"Contra Costa, CA",06,13,715.94
"Del Norte, CA",06,15,1006.37
"El Dorado, CA",06,17,1707.88
"Fresno, CA",06,19,5957.99
"Glenn, CA",06,21,1313.95
"Humboldt, CA",06,23,3567.99
"Imperial, CA",06,25,4176.6
"Inyo, CA",06,27,10180.88
"Kern, CA",06,29,8131.92
"Kings, CA",06,31,1389.42
"Lake, CA",06,33,1256.46
"Lassen, CA",06,35,4541.18
"Los Angeles, CA",06,37,4057.88
"Madera, CA",06,39,2137.07
"Marin, CA",06,41,520.31
"Mariposa, CA",06,43,1448.82
"Mendocino, CA",06,45,3506.34
"Merced, CA",06,47,1934.97
"Modoc, CA",06,49,3917.77
"Mono, CA",06,51,3048.98
"Monterey, CA",06,53,3280.6
"Napa, CA",06,55,748.36
"Nevada, CA",06,57,957.77
"Orange, CA",06,59,790.57
"Placer, CA",06,61,1407.01
"Plumas, CA",06,63,2553.04
"Riverside, CA",06,65,7206.48
"Sacramento, CA",06,67,964.64
"San Benito, CA",06,69,1388.71
"San Bernardino, CA",06,71,20056.94
"San Diego, CA",06,73,4206.63
"San Francisco, CA",06,75,46.87
"San Joaquin, CA",06,77,1391.32
"San Luis Obispo, CA",06,79,3298.57
"San Mateo, CA",06,81,448.41
"Santa Barbara, CA",06,83,2735.09
"Santa Clara, CA",06,85,1290.1
"Santa Cruz, CA",06,87,445.17
"Shasta, CA",06,89,3775.4
"Sierra, CA",06,91,953.21
"Siskiyou, CA",06,93,6277.89
"Solano, CA",06,95,821.77
"Sonoma, CA",06,97,1575.85
"Stanislaus, CA",06,99,1494.83
"Sutter, CA",06,101,602.41
"Tehama, CA",06,103,2949.71
"Trinity, CA",06,105,3179.25
"Tulare, CA",06,107,4824.22
"Tuolumne, CA",06,109,2220.88
"Ventura, CA",06,111,1843.13
"Yolo, CA",06,113,1014.69
"Yuba, CA",06,115,631.84
COLORADO,08,0,103641.89
"Adams, CO",08,1,1167.65
"Alamosa, CO",08,3,722.64
"Arapahoe, CO",08,5,798.1
"Archuleta, CO",08,7,1350.18
"Baca, CO",08,9,2554.97
"Bent, CO",08,11,1512.86
"Boulder, CO",08,13,726.29
"Broomfield, CO",08,14,33.03
"Chaffee, CO",08,15,1013.4
"Cheyenne, CO",08,17,1778.28
"Clear Creek, CO",08,19,395.23
"Conejos, CO",08,21,1287.39
"Costilla, CO",08,23,1226.95
"Crowley, CO",08,25,787.42
"Custer, CO",08,27,738.63
"Delta, CO",08,29,1142.05
"Denver, CO",08,31,153
"Dolores, CO",08,33,1067.05
"Douglas, CO",08,35,840.25
"Eagle, CO",08,37,1684.53
"Elbert, CO",08,39,1850.85
"El Paso, CO",08,41,2126.8
"Fremont, CO",08,43,1533.07
"Garfield, CO",08,45,2947.56
"Gilpin, CO",08,47,149.9
"Grand, CO",08,49,1846.33
"Gunnison, CO",08,51,3239.1
"Hinsdale, CO",08,53,1117.25
"Huerfano, CO",08,55,1591
"Jackson, CO",08,57,1613.72
"Jefferson, CO",08,59,764.21
"Kiowa, CO",08,61,1767.77
"Kit Carson, CO",08,63,2160.82
"Lake, CO",08,65,376.91
"La Plata, CO",08,67,1692.08
"Larimer, CO",08,69,2596
"Las Animas, CO",08,71,4772.67
"Lincoln, CO",08,73,2577.63
"Logan, CO",08,75,1838.55
"Mesa, CO",08,77,3328.97
"Mineral, CO",08,79,875.67
"Moffat, CO",08,81,4743.29
"Montezuma, CO",08,83,2029.53
"Montrose, CO",08,85,2240.7
"Morgan, CO",08,87,1280.43
"Otero, CO",08,89,1261.96
"Ouray, CO",08,91,541.59
"Park, CO",08,93,2193.85
"Phillips, CO",08,95,687.93
"Pitkin, CO",08,97,970.7
"Prowers, CO",08,99,1638.4
"Pueblo, CO",08,101,2386.1
"Rio Blanco, CO",08,103,3220.93
"Rio Grande, CO",08,105,911.96
"Routt, CO",08,107,2362.03
"Saguache, CO",08,109,3168.53
"San Juan, CO",08,111,387.49
"San Miguel, CO",08,113,1286.61
"Sedgwick, CO",08,115,548.04
"Summit, CO",08,117,608.36
"Teller, CO",08,119,557.06
"Washington, CO",08,121,2518.03
"Weld, CO",08,123,3987.24
"Yuma, CO",08,125,2364.41
CONNECTICUT,09,0,4842.36
"Fairfield, CT",09,1,624.89
"Hartford, CT",09,3,735.1
"Litchfield, CT",09,5,920.56
"Middlesex, CT",09,7,369.3
"New Haven, CT",09,9,604.51
"New London, CT",09,11,664.88
"Tolland, CT",09,13,410.21
"Windham, CT",09,15,512.91
DELAWARE,10,0,1948.54
"Kent, DE",10,1,586.18
"New Castle, DE",10,3,426.29
"Sussex, DE",10,5,936.08
DISTRICT OF COLUMBIA,11,0,61.05
District of Columbia,11,1,61.05
FLORIDA,12,0,53624.76
"Alachua, FL",12,1,875.02
"Baker, FL",12,3,585.23
"Bay, FL",12,5,758.46
"Bradford, FL",12,7,293.96
"Brevard, FL",12,9,1015.66
"Broward, FL",12,11,1209.79
"Calhoun, FL",12,13,567.33
"Charlotte, FL",12,15,680.28
"Citrus, FL",12,17,581.7
"Clay, FL",12,19,604.36
"Collier, FL",12,21,1998.32
"Columbia, FL",12,23,797.57
"DeSoto, FL",12,27,637.06
"Dixie, FL",12,29,705.05
"Duval, FL",12,31,762.19
"Escambia, FL",12,33,656.46
"Flagler, FL",12,35,485.46
"Franklin, FL",12,37,534.73
"Gadsden, FL",12,39,516.33
"Gilchrist, FL",12,41,349.68
"Glades, FL",12,43,806.01
"Gulf, FL",12,45,564.01
"Hamilton, FL",12,47,513.79
"Hardee, FL",12,49,637.78
"Hendry, FL",12,51,1152.75
"Hernando, FL",12,53,472.54
"Highlands, FL",12,55,1016.62
"Hillsborough, FL",12,57,1020.21
"Holmes, FL",12,59,478.78
"Indian River, FL",12,61,502.87
"Jackson, FL",12,63,917.76
"Jefferson, FL",12,65,598.1
"Lafayette, FL",12,67,543.41
"Lake, FL",12,69,938.38
"Lee, FL",12,71,784.51
"Leon, FL",12,73,666.85
"Levy, FL",12,75,1118.21
"Liberty, FL",12,77,835.56
"Madison, FL",12,79,695.95
"Manatee, FL",12,81,742.93
"Marion, FL",12,83,1584.55
"Martin, FL",12,85,543.46
"Miami-Dade, FL",12,86,1897.72
"Monroe, FL",12,87,983.28
"Nassau, FL",12,89,648.64
"Okaloosa, FL",12,91,930.25
"Okeechobee, FL",12,93,768.91
"Orange, FL",12,95,903.43
"Osceola, FL",12,97,1327.45
"Palm Beach, FL",12,99,1969.76
"Pasco, FL",12,101,746.89
"Pinellas, FL",12,103,273.8
"Polk, FL",12,105,1797.84
"Putnam, FL",12,107,727.62
"St. Johns, FL",12,109,600.66
"St. Lucie, FL",12,111,571.93
"Santa Rosa, FL",12,113,1011.61
"Sarasota, FL",12,115,555.87
"Seminole, FL",12,117,309.22
"Sumter, FL",12,119,546.93
"Suwannee, FL",12,121,688.55
"Taylor, FL",12,123,1043.31
"Union, FL",12,125,243.56
"Volusia, FL",12,127,1101.03
"Wakulla, FL",12,129,606.42
"Walton, FL",12,131,1037.63
"Washington, FL",12,133,582.8
GEORGIA,13,0,57513.49
"Appling, GA",13,1,507.08
"Atkinson, GA",13,3,339.38
"Bacon, GA",13,5,258.58
"Baker, GA",13,7,341.94
"Baldwin, GA",13,9,257.84
"Banks, GA",13,11,232.09
"Barrow, GA",13,13,160.31
"Bartow, GA",13,15,459.54
"Ben Hill, GA",13,17,250.12
"Berrien, GA",13,19,451.9
"Bibb, GA",13,21,249.76
"Bleckley, GA",13,23,215.87
"Brantley, GA",13,25,442.36
"Brooks, GA",13,27,493.05
"Bryan, GA",13,29,435.97
"Bulloch, GA",13,31,672.81
"Burke, GA",13,33,826.97
"Butts, GA",13,35,184.39
"Calhoun, GA",13,37,280.37
"Camden, GA",13,39,613.03
"Candler, GA",13,43,243.04
"Carroll, GA",13,45,499.08
"Catoosa, GA",13,47,162.16
"Charlton, GA",13,49,773.58
"Chatham, GA",13,51,426.44
"Chattahoochee, GA",13,53,248.74
"Chattooga, GA",13,55,313.34
"Cherokee, GA",13,57,421.67
"Clarke, GA",13,59,119.2
"Clay, GA",13,61,195.38
"Clayton, GA",13,63,141.57
"Clinch, GA",13,65,800.22
"Cobb, GA",13,67,339.55
"Coffee, GA",13,69,575.1
"Colquitt, GA",13,71,544.15
"Columbia, GA",13,73,290.09
"Cook, GA",13,75,227.16
"Coweta, GA",13,77,440.89
"Crawford, GA",13,79,324.89
"Crisp, GA",13,81,272.58
"Dade, GA",13,83,173.98
"Dawson, GA",13,85,210.83
"Decatur, GA",13,87,597.14
"DeKalb, GA",13,89,267.58
"Dodge, GA",13,91,495.89
"Dooly, GA",13,93,391.94
"Dougherty, GA",13,95,328.69
"Douglas, GA",13,97,200.07
"Early, GA",13,99,512.59
"Echols, GA",13,101,414.89
"Effingham, GA",13,103,477.7
"Elbert, GA",13,105,351.06
"Emanuel, GA",13,107,680.6
"Evans, GA",13,109,182.85
"Fannin, GA",13,111,386.72
"Fayette, GA",13,113,194.34
"Floyd, GA",13,115,509.91
"Forsyth, GA",13,117,224.02
"Franklin, GA",13,119,261.5
"Fulton, GA",13,121,526.64
"Gilmer, GA",13,123,426.54
"Glascock, GA",13,125,143.74
"Glynn, GA",13,127,419.75
"Gordon, GA",13,129,355.81
"Grady, GA",13,131,454.53
"Greene, GA",13,133,387.44
"Gwinnett, GA",13,135,430.38
"Habersham, GA",13,137,276.74
"Hall, GA",13,139,392.78
"Hancock, GA",13,141,471.84
"Haralson, GA",13,143,282.17
"Harris, GA",13,145,463.87
"Hart, GA",13,147,232.39
"Heard, GA",13,149,296.03
"Henry, GA",13,151,322.13
"Houston, GA",13,153,375.54
"Irwin, GA",13,155,354.34
"Jackson, GA",13,157,339.66
"Jasper, GA",13,159,368.17
"Jeff Davis, GA",13,161,330.74
"Jefferson, GA",13,163,526.49
"Jenkins, GA",13,165,347.28
"Johnson, GA",13,167,303.01
"Jones, GA",13,169,393.93
"Lamar, GA",13,171,183.5
"Lanier, GA",13,173,185.26
"Laurens, GA",13,175,807.3
"Lee, GA",13,177,355.78
"Liberty, GA",13,179,489.8
"Lincoln, GA",13,181,210.38
"Long, GA",13,183,400.29
"Lowndes, GA",13,185,496.07
"Lumpkin, GA",13,187,282.93
"McDuffie, GA",13,189,257.46
"McIntosh, GA",13,191,424.3
"Macon, GA",13,193,400.64
"Madison, GA",13,195,282.31
"Marion, GA",13,197,366
"Meriwether, GA",13,199,501.22
"Miller, GA",13,201,282.42
"Mitchell, GA",13,205,512.09
"Monroe, GA",13,207,395.66
"Montgomery, GA",13,209,239.52
"Morgan, GA",13,211,347.35
"Murray, GA",13,213,344.47
"Muscogee, GA",13,215,216.39
"Newton, GA",13,217,272.16
"Oconee, GA",13,219,184.29
"Oglethorpe, GA",13,221,439.01
"Paulding, GA",13,223,312.22
"Peach, GA",13,225,150.27
"Pickens, GA",13,227,232.06
"Pierce, GA",13,229,316.49
"Pike, GA",13,231,216.09
"Polk, GA",13,233,310.33
"Pulaski, GA",13,235,249.03
"Putnam, GA",13,237,344.64
"Quitman, GA",13,239,151.24
"Rabun, GA",13,241,369.99
"Randolph, GA",13,243,428.24
"Richmond, GA",13,245,324.33
"Rockdale, GA",13,247,129.79
"Schley, GA",13,249,166.91
"Screven, GA",13,251,645.1
"Seminole, GA",13,253,235.23
"Spalding, GA",13,255,196.47
"Stephens, GA",13,257,179.13
"Stewart, GA",13,259,458.73
"Sumter, GA",13,261,482.7
"Talbot, GA",13,263,391.39
"Taliaferro, GA",13,265,194.61
"Tattnall, GA",13,267,479.4
"Taylor, GA",13,269,376.69
"Telfair, GA",13,271,437.3
"Terrell, GA",13,273,335.44
"Thomas, GA",13,275,544.6
"Tift, GA",13,277,258.92
"Toombs, GA",13,279,364.01
"Towns, GA",13,281,166.56
"Treutlen, GA",13,283,199.44
"Troup, GA",13,285,413.99
"Turner, GA",13,287,285.39
"Twiggs, GA",13,289,358.4
"Union, GA",13,291,321.93
"Upson, GA",13,293,323.44
"Walker, GA",13,295,446.38
"Walton, GA",13,297,325.68
"Ware, GA",13,299,892.46
"Warren, GA",13,301,284.3
"Washington, GA",13,303,678.45
"Wayne, GA",13,305,641.78
"Webster, GA",13,307,209.12
"Wheeler, GA",13,309,295.48
"White, GA",13,311,240.69
"Whitfield, GA",13,313,290.46
"Wilcox, GA",13,315,377.71
"Wilkes, GA",13,317,469.49
"Wilkinson, GA",13,319,447.31
"Worth, GA",13,321,570.7
HAWAII,15,0,6422.63
"Hawaii, HI",15,1,4028.42
"Honolulu, HI",15,3,600.74
"Kalawao, HI",15,5,11.99
"Kauai, HI",15,7,619.96
"Maui, HI",15,9,1161.52
IDAHO,16,0,82643.12
"Ada, ID",16,1,1052.58
"Adams, ID",16,3,1363.06
"Bannock, ID",16,5,1111.99
"Bear Lake, ID",16,7,974.79
"Benewah, ID",16,9,776.62
"Bingham, ID",16,11,2093.98
"Blaine, ID",16,13,2643.59
"Boise, ID",16,15,1899.24
"Bonner, ID",16,17,1734.57
"Bonneville, ID",16,19,1866.08
"Boundary, ID",16,21,1268.56
"Butte, ID",16,23,2231.67
"Camas, ID",16,25,1074.49
"Canyon, ID",16,27,587.37
"Caribou, ID",16,29,1764.15
"Cassia, ID",16,31,2565.08
"Clark, ID",16,33,1764.19
"Clearwater, ID",16,35,2457.27
"Custer, ID",16,37,4920.94
"Elmore, ID",16,39,3074.74
"Franklin, ID",16,41,663.65
"Fremont, ID",16,43,1863.53
"Gem, ID",16,45,560.9
"Gooding, ID",16,47,728.97
"Idaho, ID",16,49,8477.35
"Jefferson, ID",16,51,1093.5
"Jerome, ID",16,53,597.19
"Kootenai, ID",16,55,1244.13
"Latah, ID",16,57,1076
"Lemhi, ID",16,59,4563.39
"Lewis, ID",16,61,478.8
"Lincoln, ID",16,63,1201.41
"Madison, ID",16,65,469.21
"Minidoka, ID",16,67,757.59
"Nez Perce, ID",16,69,848.09
"Oneida, ID",16,71,1200.06
"Owyhee, ID",16,73,7665.51
"Payette, ID",16,75,406.87
"Power, ID",16,77,1404.24
"Shoshone, ID",16,79,2629.67
"Teton, ID",16,81,449.46
"Twin Falls, ID",16,83,1921.21
"Valley, ID",16,85,3664.52
"Washington, ID",16,87,1452.98
ILLINOIS,17,0,55518.93
"Adams, IL",17,1,855.2
"Alexander, IL",17,3,235.51
"Bond, IL",17,5,380.28
"Boone, IL",17,7,280.72
"Brown, IL",17,9,305.61
"Bureau, IL",17,11,869.03
"Calhoun, IL",17,13,253.83
"Carroll, IL",17,15,444.81
"Cass, IL",17,17,375.82
"Champaign, IL",17,19,996.27
"Christian, IL",17,21,709.38
"Clark, IL",17,23,501.42
"Clay, IL",17,25,468.32
"Clinton, IL",17,27,474.09
"Coles, IL",17,29,508.29
"Cook, IL",17,31,945.33
"Crawford, IL",17,33,443.63
"Cumberland, IL",17,35,346.02
"DeKalb, IL",17,37,631.31
"De Witt, IL",17,39,397.51
"Douglas, IL",17,41,416.67
"DuPage, IL",17,43,327.5
"Edgar, IL",17,45,623.37
"Edwards, IL",17,47,222.42
"Effingham, IL",17,49,478.78
"Fayette, IL",17,51,716.48
"Ford, IL",17,53,485.62
"Franklin, IL",17,55,408.89
"Fulton, IL",17,57,865.6
"Gallatin, IL",17,59,323.07
"Greene, IL",17,61,543.02
"Grundy, IL",17,63,418.04
"Hamilton, IL",17,65,434.67
"Hancock, IL",17,67,793.73
"Hardin, IL",17,69,177.53
"Henderson, IL",17,71,378.87
"Henry, IL",17,73,822.99
"Iroquois, IL",17,75,1117.32
"Jackson, IL",17,77,584.08
"Jasper, IL",17,79,494.51
"Jefferson, IL",17,81,571.17
"Jersey, IL",17,83,369.27
"Jo Daviess, IL",17,85,601.09
"Johnson, IL",17,87,343.92
"Kane, IL",17,89,520.06
"Kankakee, IL",17,91,676.56
"Kendall, IL",17,93,320.34
"Knox, IL",17,95,716.4
"Lake, IL",17,97,443.67
"LaSalle, IL",17,99,1135.12
"Lawrence, IL",17,101,372.18
"Lee, IL",17,103,724.9
"Livingston, IL",17,105,1044.29
"Logan, IL",17,107,618.06
"McDonough, IL",17,109,589.41
"McHenry, IL",17,111,603.17
"McLean, IL",17,113,1183.38
"Macon, IL",17,115,580.69
"Macoupin, IL",17,117,862.91
"Madison, IL",17,119,715.58
"Marion, IL",17,121,572.36
"Marshall, IL",17,123,386.79
"Mason, IL",17,125,539.24
"Massac, IL",17,127,237.22
"Menard, IL",17,129,314.44
"Mercer, IL",17,131,561.2
"Monroe, IL",17,133,385.01
"Montgomery, IL",17,135,703.69
"Morgan, IL",17,137,568.79
"Moultrie, IL",17,139,335.94
"Ogle, IL",17,141,758.57
"Peoria, IL",17,143,619.21
"Perry, IL",17,145,441.76
"Piatt, IL",17,147,439.2
"Pike, IL",17,149,831.38
"Pope, IL",17,151,368.77
"Pulaski, IL",17,153,199.19
"Putnam, IL",17,155,160.16
"Randolph, IL",17,157,575.5
"Richland, IL",17,159,359.99
"Rock Island, IL",17,161,427.64
"St. Clair, IL",17,163,657.76
"Saline, IL",17,165,379.82
"Sangamon, IL",17,167,868.3
"Schuyler, IL",17,169,437.27
"Scott, IL",17,171,250.91
"Shelby, IL",17,173,758.52
"Stark, IL",17,175,288.08
"Stephenson, IL",17,177,564.52
"Tazewell, IL",17,179,648.97
"Union, IL",17,181,413.46
"Vermilion, IL",17,183,898.37
"Wabash, IL",17,185,223.25
"Warren, IL",17,187,542.41
"Washington, IL",17,189,562.57
"Wayne, IL",17,191,713.81
"White, IL",17,193,494.77
"Whiteside, IL",17,195,684.25
"Will, IL",17,197,836.91
"Williamson, IL",17,199,420.15
"Winnebago, IL",17,201,513.36
"Woodford, IL",17,203,527.8
INDIANA,18,0,35826.11
"Adams, IN",18,1,339.03
"Allen, IN",18,3,657.31
"Bartholomew, IN",18,5,406.91
"Benton, IN",18,7,406.42
"Blackford, IN",18,9,165.08
"Boone, IN",18,11,422.91
"Brown, IN",18,13,311.98
"Carroll, IN",18,15,372.22
"Cass, IN",18,17,412.16
"Clark, IN",18,19,372.86
"Clay, IN",18,21,357.54
"Clinton, IN",18,23,405.07
"Crawford, IN",18,25,305.64
"Daviess, IN",18,27,429.49
"Dearborn, IN",18,29,305.03
"Decatur, IN",18,31,372.57
"DeKalb, IN",18,33,362.82
"Delaware, IN",18,35,392.12
"Dubois, IN",18,37,427.27
"Elkhart, IN",18,39,463.17
"Fayette, IN",18,41,215.01
"Floyd, IN",18,43,147.94
"Fountain, IN",18,45,395.66
"Franklin, IN",18,47,384.43
"Fulton, IN",18,49,368.39
"Gibson, IN",18,51,487.49
"Grant, IN",18,53,414.07
"Greene, IN",18,55,542.5
"Hamilton, IN",18,57,394.27
"Hancock, IN",18,59,306.02
"Harrison, IN",18,61,484.52
"Hendricks, IN",18,63,406.91
"Henry, IN",18,65,391.88
"Howard, IN",18,67,293.06
"Huntington, IN",18,69,382.65
"Jackson, IN",18,71,509.31
"Jasper, IN",18,73,559.63
"Jay, IN",18,75,383.91
"Jefferson, IN",18,77,360.63
"Jennings, IN",18,79,376.58
"Johnson, IN",18,81,320.43
"Knox, IN",18,83,516.03
"Kosciusko, IN",18,85,531.38
"LaGrange, IN",18,87,379.62
"Lake, IN",18,89,498.96
"LaPorte, IN",18,91,598.3
"Lawrence, IN",18,93,449.17
"Madison, IN",18,95,451.92
"Marion, IN",18,97,396.3
"Marshall, IN",18,99,443.63
"Martin, IN",18,101,335.74
"Miami, IN",18,103,373.84
"Monroe, IN",18,105,394.51
"Montgomery, IN",18,107,504.61
"Morgan, IN",18,109,403.97
"Newton, IN",18,111,401.76
"Noble, IN",18,113,410.84
"Ohio, IN",18,115,86.14
"Orange, IN",18,117,398.39
"Owen, IN",18,119,385.29
"Parke, IN",18,121,444.66
"Perry, IN",18,123,381.73
"Pike, IN",18,125,334.24
"Porter, IN",18,127,418.15
"Posey, IN",18,129,409.57
"Pulaski, IN",18,131,433.65
"Putnam, IN",18,133,480.53
"Randolph, IN",18,135,452.38
"Ripley, IN",18,137,446.43
"Rush, IN",18,139,408.12
"St. Joseph, IN",18,141,457.85
"Scott, IN",18,143,190.4
"Shelby, IN",18,145,411.15
"Spencer, IN",18,147,396.74
"Starke, IN",18,149,309.13
"Steuben, IN",18,151,308.94
"Sullivan, IN",18,153,447.14
"Switzerland, IN",18,155,220.63
"Tippecanoe, IN",18,157,499.81
"Tipton, IN",18,159,260.54
"Union, IN",18,161,161.22
"Vanderburgh, IN",18,163,233.48
"Vermillion, IN",18,165,256.88
"Vigo, IN",18,167,403.31
"Wabash, IN",18,169,412.43
"Warren, IN",18,171,364.68
"Warrick, IN",18,173,384.82
"Washington, IN",18,175,513.73
"Wayne, IN",18,177,401.74
"Wells, IN",18,179,368.09
"White, IN",18,181,505.13
"Whitley, IN",18,183,335.57
IOWA,19,0,55857.13
"Adair, IA",19,1,569.27
"Adams, IA",19,3,423.44
"Allamakee, IA",19,5,639.08
"Appanoose, IA",19,7,497.29
"Audubon, IA",19,9,442.96
"Benton, IA",19,11,716.27
"Black Hawk, IA",19,13,565.77
"Boone, IA",19,15,571.57
"Bremer, IA",19,17,435.48
"Buchanan, IA",19,19,571.02
"Buena Vista, IA",19,21,574.92
"Butler, IA",19,23,580.13
"Calhoun, IA",19,25,569.97
"Carroll, IA",19,27,569.44
"Cass, IA",19,29,564.27
"Cedar, IA",19,31,579.44
"Cerro Gordo, IA",19,33,568.31
"Cherokee, IA",19,35,576.91
"Chickasaw, IA",19,37,504.38
"Clarke, IA",19,39,431.17
"Clay, IA",19,41,567.24
"Clayton, IA",19,43,778.54
"Clinton, IA",19,45,694.92
"Crawford, IA",19,47,714.19
"Dallas, IA",19,49,588.45
"Davis, IA",19,51,502.19
"Decatur, IA",19,53,531.88
"Delaware, IA",19,55,577.76
"Des Moines, IA",19,57,416.12
"Dickinson, IA",19,59,380.61
"Dubuque, IA",19,61,608.31
"Emmet, IA",19,63,395.88
"Fayette, IA",19,65,730.81
"Floyd, IA",19,67,500.63
"Franklin, IA",19,69,581.97
"Fremont, IA",19,71,511.15
"Greene, IA",19,73,569.57
"Grundy, IA",19,75,501.86
"Guthrie, IA",19,77,590.62
"Hamilton, IA",19,79,576.75
"Hancock, IA",19,81,571.01
"Hardin, IA",19,83,569.31
"Harrison, IA",19,85,696.85
"Henry, IA",19,87,434.33
"Howard, IA",19,89,473.25
"Humboldt, IA",19,91,434.35
"Ida, IA",19,93,431.51
"Iowa, IA",19,95,586.46
"Jackson, IA",19,97,636.04
"Jasper, IA",19,99,730.42
"Jefferson, IA",19,101,435.51
"Johnson, IA",19,103,614.04
"Jones, IA",19,105,575.62
"Keokuk, IA",19,107,579.18
"Kossuth, IA",19,109,972.72
"Lee, IA",19,111,517.52
"Linn, IA",19,113,716.88
"Louisa, IA",19,115,401.77
"Lucas, IA",19,117,430.59
"Lyon, IA",19,119,587.65
"Madison, IA",19,121,561.01
"Mahaska, IA",19,123,570.86
"Marion, IA",19,125,554.53
"Marshall, IA",19,127,572.5
"Mills, IA",19,129,437.44
"Mitchell, IA",19,131,469.13
"Monona, IA",19,133,694.07
"Monroe, IA",19,135,433.72
"Montgomery, IA",19,137,424.1
"Muscatine, IA",19,139,437.47
"O'Brien, IA",19,141,573.04
"Osceola, IA",19,143,398.68
"Page, IA",19,145,534.94
"Palo Alto, IA",19,147,563.84
"Plymouth, IA",19,149,862.89
"Pocahontas, IA",19,151,577.24
"Polk, IA",19,153,573.8
"Pottawattamie, IA",19,155,950.28
"Poweshiek, IA",19,157,584.93
"Ringgold, IA",19,159,535.5
"Sac, IA",19,161,575.01
"Scott, IA",19,163,458.09
"Shelby, IA",19,165,590.78
"Sioux, IA",19,167,768.33
"Story, IA",19,169,572.82
"Tama, IA",19,171,721.01
"Taylor, IA",19,173,531.9
"Union, IA",19,175,423.65
"Van Buren, IA",19,177,484.79
"Wapello, IA",19,179,431.83
"Warren, IA",19,181,569.83
"Washington, IA",19,183,568.84
"Wayne, IA",19,185,525.44
"Webster, IA",19,187,715.62
"Winnebago, IA",19,189,400.49
"Winneshiek, IA",19,191,689.87
"Woodbury, IA",19,193,872.83
"Worth, IA",19,195,400.12
"Wright, IA",19,197,580.42
KANSAS,20,0,81758.72
"Allen, KS",20,1,500.3
"Anderson, KS",20,3,579.65
"Atchison, KS",20,5,431.17
"Barber, KS",20,7,1134.07
"Barton, KS",20,9,895.4
"Bourbon, KS",20,11,635.47
"Brown, KS",20,13,570.87
"Butler, KS",20,15,1429.86
"Chase, KS",20,17,773.06
"Chautauqua, KS",20,19,638.88
"Cherokee, KS",20,21,587.57
"Cheyenne, KS",20,23,1019.89
"Clark, KS",20,25,974.63
"Clay, KS",20,27,645.3
"Cloud, KS",20,29,715.34
"Coffey, KS",20,31,626.95
"Comanche, KS",20,33,788.3
"Cowley, KS",20,35,1125.75
"Crawford, KS",20,37,589.76
"Decatur, KS",20,39,893.52
"Dickinson, KS",20,41,847.07
"Doniphan, KS",20,43,393.41
"Douglas, KS",20,45,455.87
"Edwards, KS",20,47,621.89
"Elk, KS",20,49,644.27
"Ellis, KS",20,51,899.91
"Ellsworth, KS",20,53,715.85
"Finney, KS",20,55,1301.97
"Ford, KS",20,57,1098.27
"Franklin, KS",20,59,571.76
"Geary, KS",20,61,384.62
"Gove, KS",20,63,1071.67
"Graham, KS",20,65,898.52
"Grant, KS",20,67,574.8
"Gray, KS",20,69,868.87
"Greeley, KS",20,71,778.45
"Greenwood, KS",20,73,1143.3
"Hamilton, KS",20,75,996.51
"Harper, KS",20,77,801.27
"Harvey, KS",20,79,539.75
"Haskell, KS",20,81,577.52
"Hodgeman, KS",20,83,859.99
"Jackson, KS",20,85,656.22
"Jefferson, KS",20,87,532.57
"Jewell, KS",20,89,909.78
"Johnson, KS",20,91,473.38
"Kearny, KS",20,93,870.54
"Kingman, KS",20,95,863.36
"Kiowa, KS",20,97,722.64
"Labette, KS",20,99,645.3
"Lane, KS",20,101,717.46
"Leavenworth, KS",20,103,462.83
"Lincoln, KS",20,105,719.4
"Linn, KS",20,107,594.06
"Logan, KS",20,109,1072.99
"Lyon, KS",20,111,847.47
"McPherson, KS",20,113,898.27
"Marion, KS",20,115,944.29
"Marshall, KS",20,117,900.18
"Meade, KS",20,119,978.09
"Miami, KS",20,121,575.66
"Mitchell, KS",20,123,701.79
"Montgomery, KS",20,125,643.53
"Morris, KS",20,127,695.28
"Morton, KS",20,129,729.73
"Nemaha, KS",20,131,717.43
"Neosho, KS",20,133,571.47
"Ness, KS",20,135,1074.75
"Norton, KS",20,137,878.13
"Osage, KS",20,139,705.52
"Osborne, KS",20,141,892.5
"Ottawa, KS",20,143,720.73
"Pawnee, KS",20,145,754.26
"Phillips, KS",20,147,885.88
"Pottawatomie, KS",20,149,841.02
"Pratt, KS",20,151,735.05
"Rawlins, KS",20,153,1069.42
"Reno, KS",20,155,1255.35
"Republic, KS",20,157,717.37
"Rice, KS",20,159,726.24
"Riley, KS",20,161,609.77
"Rooks, KS",20,163,890.53
"Rush, KS",20,165,717.76
"Russell, KS",20,167,886.26
"Saline, KS",20,169,720.23
"Scott, KS",20,171,717.54
"Sedgwick, KS",20,173,997.51
"Seward, KS",20,175,639.5
"Shawnee, KS",20,177,544.02
"Sheridan, KS",20,179,895.96
"Sherman, KS",20,181,1056.07
"Smith, KS",20,183,895.47
"Stafford, KS",20,185,792.05
"Stanton, KS",20,187,680.35
"Stevens, KS",20,189,727.29
"Sumner, KS",20,191,1181.94
"Thomas, KS",20,193,1074.69
"Trego, KS",20,195,889.48
"Wabaunsee, KS",20,197,794.3
"Wallace, KS",20,199,913.65
"Washington, KS",20,201,894.76
"Wichita, KS",20,203,718.57
"Wilson, KS",20,205,570.42
"Woodson, KS",20,207,497.82
"Wyandotte, KS",20,209,151.6
KENTUCKY,21,0,39486.34
"Adair, KY",21,1,405.28
"Allen, KY",21,3,344.34
"Anderson, KY",21,5,201.83
"Ballard, KY",21,7,246.66
"Barren, KY",21,9,487.54
"Bath, KY",21,11,278.79
"Bell, KY",21,13,359
"Boone, KY",21,15,246.36
"Bourbon, KY",21,17,289.72
"Boyd, KY",21,19,159.86
"Boyle, KY",21,21,180.17
"Bracken, KY",21,23,205.61
"Breathitt, KY",21,25,492.41
"Breckinridge, KY",21,27,567.17
"Bullitt, KY",21,29,297.02
"Butler, KY",21,31,426.09
"Caldwell, KY",21,33,344.79
"Calloway, KY",21,35,385.02
"Campbell, KY",21,37,151.31
"Carlisle, KY",21,39,189.43
"Carroll, KY",21,41,128.57
"Carter, KY",21,43,409.5
"Casey, KY",21,45,444.23
"Christian, KY",21,47,717.5
"Clark, KY",21,49,252.46
"Clay, KY",21,51,469.25
"Clinton, KY",21,53,197.25
"Crittenden, KY",21,55,359.95
"Cumberland, KY",21,57,305.18
"Daviess, KY",21,59,458.35
"Edmonson, KY",21,61,302.88
"Elliott, KY",21,63,234.32
"Estill, KY",21,65,253.08
"Fayette, KY",21,67,283.65
"Fleming, KY",21,69,348.54
"Floyd, KY",21,71,393.35
"Franklin, KY",21,73,207.75
"Fulton, KY",21,75,205.5
"Gallatin, KY",21,77,101.23
"Garrard, KY",21,79,230.08
"Grant, KY",21,81,257.97
"Graves, KY",21,83,551.74
"Grayson, KY",21,85,496.7
"Green, KY",21,87,286.03
"Greenup, KY",21,89,344.4
"Hancock, KY",21,91,187.65
"Hardin, KY",21,93,623.28
"Harlan, KY",21,95,465.83
"Harrison, KY",21,97,306.36
"Hart, KY",21,99,412.09
"Henderson, KY",21,101,436.67
"Henry, KY",21,103,286.28
"Hickman, KY",21,105,242.27
"Hopkins, KY",21,107,542
"Jackson, KY",21,109,345.2
"Jefferson, KY",21,111,380.42
"Jessamine, KY",21,113,172.12
"Johnson, KY",21,115,261.95
"Kenton, KY",21,117,160.25
"Knott, KY",21,119,351.52
"Knox, KY",21,121,386.3
"Larue, KY",21,123,261.52
"Laurel, KY",21,125,433.95
"Lawrence, KY",21,127,415.6
"Lee, KY",21,129,208.86
"Leslie, KY",21,131,400.84
"Letcher, KY",21,133,337.91
"Lewis, KY",21,135,482.84
"Lincoln, KY",21,137,334.1
"Livingston, KY",21,139,313.13
"Logan, KY",21,141,552.13
"Lyon, KY",21,143,213.84
"McCracken, KY",21,145,248.74
"McCreary, KY",21,147,426.8
"McLean, KY",21,149,252.47
"Madison, KY",21,151,437.29
"Magoffin, KY",21,153,308.44
"Marion, KY",21,155,343.01
"Marshall, KY",21,157,301.25
"Martin, KY",21,159,229.61
"Mason, KY",21,161,240.13
"Meade, KY",21,163,305.42
"Menifee, KY",21,165,203.59
"Mercer, KY",21,167,248.8
"Metcalfe, KY",21,169,289.65
"Monroe, KY",21,171,329.37
"Montgomery, KY",21,173,197.37
"Morgan, KY",21,175,381.13
"Muhlenberg, KY",21,177,467.08
"Nelson, KY",21,179,417.51
"Nicholas, KY",21,181,195.17
"Ohio, KY",21,183,587.27
"Oldham, KY",21,185,187.22
"Owen, KY",21,187,351.1
"Owsley, KY",21,189,197.41
"Pendleton, KY",21,191,277.16
"Perry, KY",21,193,339.67
"Pike, KY",21,195,786.83
"Powell, KY",21,197,178.98
"Pulaski, KY",21,199,658.41
"Robertson, KY",21,201,99.91
"Rockcastle, KY",21,203,316.55
"Rowan, KY",21,205,279.8
"Russell, KY",21,207,253.66
"Scott, KY",21,209,281.77
"Shelby, KY",21,211,379.64
"Simpson, KY",21,213,234.2
"Spencer, KY",21,215,186.68
"Taylor, KY",21,217,266.33
"Todd, KY",21,219,374.5
"Trigg, KY",21,221,441.43
"Trimble, KY",21,223,151.65
"Union, KY",21,225,342.85
"Warren, KY",21,227,541.6
"Washington, KY",21,229,297.27
"Wayne, KY",21,231,458.17
"Webster, KY",21,233,331.94
"Whitley, KY",21,235,437.83
"Wolfe, KY",21,237,222.17
"Woodford, KY",21,239,188.78
LOUISIANA,22,0,43203.9
"Acadia, LA",22,1,655.12
"Allen, LA",22,3,761.85
"Ascension, LA",22,5,289.98
"Assumption, LA",22,7,338.66
"Avoyelles, LA",22,9,832.43
"Beauregard, LA",22,11,1157.34
"Bienville, LA",22,13,811.27
"Bossier, LA",22,15,840.06
"Caddo, LA",22,17,878.54
"Calcasieu, LA",22,19,1063.66
"Caldwell, LA",22,21,529.43
"Cameron, LA",22,23,1284.89
"Catahoula, LA",22,25,708.03
"Claiborne, LA",22,27,754.88
"Concordia, LA",22,29,696.92
"De Soto, LA",22,31,875.58
"East Baton Rouge, LA",22,33,455.37
"East Carroll, LA",22,35,420.7
"East Feliciana, LA",22,37,453.41
"Evangeline, LA",22,39,662.38
"Franklin, LA",22,41,624.59
"Grant, LA",22,43,643.03
"Iberia, LA",22,45,574.11
"Iberville, LA",22,47,618.63
"Jackson, LA",22,49,569.18
"Jefferson, LA",22,51,295.63
"Jefferson Davis, LA",22,53,651.33
"Lafayette, LA",22,55,268.72
"Lafourche, LA",22,57,1068.21
"La Salle, LA",22,59,624.68
"Lincoln, LA",22,61,471.74
"Livingston, LA",22,63,648.17
"Madison, LA",22,65,624.44
"Morehouse, LA",22,67,794.93
"Natchitoches, LA",22,69,1252.25
"Orleans, LA",22,71,169.42
"Ouachita, LA",22,73,610.41
"Plaquemines, LA",22,75,779.91
"Pointe Coupee, LA",22,77,557.35
"Rapides, LA",22,79,1317.96
"Red River, LA",22,81,389.09
"Richland, LA",22,83,559.04
"Sabine, LA",22,85,866.66
"St. Bernard, LA",22,87,377.52
"St. Charles, LA",22,89,279.08
"St. Helena, LA",22,91,408.4
"St. James, LA",22,93,241.54
"St. John the Baptist, LA",22,95,213.07
"St. Landry, LA",22,97,923.88
"St. Martin, LA",22,99,737.65
"St. Mary, LA",22,101,555.38
"St. Tammany, LA",22,103,845.55
"Tangipahoa, LA",22,105,791.28
"Tensas, LA",22,107,602.78
"Terrebonne, LA",22,109,1231.82
"Union, LA",22,111,876.99
"Vermilion, LA",22,113,1173.2
"Vernon, LA",22,115,1327.91
"Washington, LA",22,117,669.53
"Webster, LA",22,119,593.03
"West Baton Rouge, LA",22,121,192.39
"West Carroll, LA",22,123,359.65
"West Feliciana, LA",22,125,403.21
"Winn, LA",22,127,950.09
MAINE,23,0,30842.92
"Androscoggin, ME",23,1,467.93
"Aroostook, ME",23,3,6671.33
"Cumberland, ME",23,5,835.24
"Franklin, ME",23,7,1696.61
"Hancock, ME",23,9,1586.89
"Kennebec, ME",23,11,867.52
"Knox, ME",23,13,365.13
"Lincoln, ME",23,15,455.82
"Oxford, ME",23,17,2076.84
"Penobscot, ME",23,19,3397.36
"Piscataquis, ME",23,21,3960.86
"Sagadahoc, ME",23,23,253.7
"Somerset, ME",23,25,3924.4
"Waldo, ME",23,27,729.92
"Washington, ME",23,29,2562.66
"York, ME",23,31,990.71
MARYLAND,24,0,9707.24
"Allegany, MD",24,1,424.16
"Anne Arundel, MD",24,3,414.9
"Baltimore, MD",24,5,598.3
"Calvert, MD",24,9,213.15
"Caroline, MD",24,11,319.42
"Carroll, MD",24,13,447.6
"Cecil, MD",24,15,346.27
"Charles, MD",24,17,457.75
"Dorchester, MD",24,19,540.77
"Frederick, MD",24,21,660.22
"Garrett, MD",24,23,647.1
"Harford, MD",24,25,437.09
"Howard, MD",24,27,250.74
"Kent, MD",24,29,277.03
"Montgomery, MD",24,31,491.25
"Prince George's, MD",24,33,482.69
"Queen Anne's, MD",24,35,371.91
"St. Mary's, MD",24,37,357.18
"Somerset, MD",24,39,319.72
"Talbot, MD",24,41,268.54
"Washington, MD",24,43,457.78
"Wicomico, MD",24,45,374.44
"Worcester, MD",24,47,468.28
"Baltimore city, MD",24,510,80.94
MASSACHUSETTS,25,0,7800.06
"Barnstable, MA",25,1,393.72
"Berkshire, MA",25,3,926.83
"Bristol, MA",25,5,553.1
"Dukes, MA",25,7,103.25
"Essex, MA",25,9,492.56
"Franklin, MA",25,11,699.32
"Hampden, MA",25,13,617.14
"Hampshire, MA",25,15,527.26
"Middlesex, MA",25,17,817.82
"Nantucket, MA",25,19,44.97
"Norfolk, MA",25,21,396.11
"Plymouth, MA",25,23,659.08
"Suffolk, MA",25,25,58.15
"Worcester, MA",25,27,1510.77
MICHIGAN,26,0,56538.9
"Alcona, MI",26,1,674.59
"Alger, MI",26,3,915.07
"Allegan, MI",26,5,825.23
"Alpena, MI",26,7,571.86
"Antrim, MI",26,9,475.7
"Arenac, MI",26,11,363.19
"Baraga, MI",26,13,898.26
"Barry, MI",26,15,553.09
"Bay, MI",26,17,442.3
"Benzie, MI",26,19,319.7
"Berrien, MI",26,21,567.75
"Branch, MI",26,23,506.37
"Calhoun, MI",26,25,706.23
"Cass, MI",26,27,490.06
"Charlevoix, MI",26,29,416.34
"Cheboygan, MI",26,31,715.26
"Chippewa, MI",26,33,1558.42
"Clare, MI",26,35,564.32
"Clinton, MI",26,37,566.41
"Crawford, MI",26,39,556.28
"Delta, MI",26,41,1171.1
"Dickinson, MI",26,43,761.4
"Eaton, MI",26,45,575.18
"Emmet, MI",26,47,467.49
"Genesee, MI",26,49,636.98
"Gladwin, MI",26,51,501.78
"Gogebic, MI",26,53,1101.85
"Grand Traverse, MI",26,55,464.33
"Gratiot, MI",26,57,568.46
"Hillsdale, MI",26,59,598.13
"Houghton, MI",26,61,1009.1
"Huron, MI",26,63,835.71
"Ingham, MI",26,65,556.12
"Ionia, MI",26,67,571.3
"Iosco, MI",26,69,549.1
"Iron, MI",26,71,1166.15
"Isabella, MI",26,73,572.68
"Jackson, MI",26,75,701.67
"Kalamazoo, MI",26,77,561.66
"Kalkaska, MI",26,79,559.87
"Kent, MI",26,81,846.95
"Keweenaw, MI",26,83,540.11
"Lake, MI",26,85,567.37
"Lapeer, MI",26,87,643.01
"Leelanau, MI",26,89,347.17
"Lenawee, MI",26,91,749.56
"Livingston, MI",26,93,565.25
"Luce, MI",26,95,899.08
"Mackinac, MI",26,97,1021.57
"Macomb, MI",26,99,479.22
"Manistee, MI",26,101,542.15
"Marquette, MI",26,103,1808.4
"Mason, MI",26,105,495.07
"Mecosta, MI",26,107,555.07
"Menominee, MI",26,109,1044.08
"Midland, MI",26,111,516.25
"Missaukee, MI",26,113,564.73
"Monroe, MI",26,115,549.39
"Montcalm, MI",26,117,705.4
"Montmorency, MI",26,119,546.66
"Muskegon, MI",26,121,499.25
"Newaygo, MI",26,123,813.2
"Oakland, MI",26,125,867.66
"Oceana, MI",26,127,512.07
"Ogemaw, MI",26,129,563.49
"Ontonagon, MI",26,131,1311.23
"Osceola, MI",26,133,566.39
"Oscoda, MI",26,135,565.73
"Otsego, MI",26,137,514.97
"Ottawa, MI",26,139,563.47
"Presque Isle, MI",26,141,658.72
"Roscommon, MI",26,143,519.64
"Saginaw, MI",26,145,800.11
"St. Clair, MI",26,147,721.17
"St. Joseph, MI",26,149,500.59
"Sanilac, MI",26,151,962.57
"Schoolcraft, MI",26,153,1171.36
"Shiawassee, MI",26,155,530.67
"Tuscola, MI",26,157,803.13
"Van Buren, MI",26,159,607.47
"Washtenaw, MI",26,161,705.97
"Wayne, MI",26,163,612.08
"Wexford, MI",26,165,565
MINNESOTA,27,0,79626.74
"Aitkin, MN",27,1,1821.66
"Anoka, MN",27,3,423.01
"Becker, MN",27,5,1315.2
"Beltrami, MN",27,7,2504.94
"Benton, MN",27,9,408.3
"Big Stone, MN",27,11,499.02
"Blue Earth, MN",27,13,747.84
"Brown, MN",27,15,611.09
"Carlton, MN",27,17,861.38
"Carver, MN",27,19,354.33
"Cass, MN",27,21,2021.54
"Chippewa, MN",27,23,581.12
"Chisago, MN",27,25,414.86
"Clay, MN",27,27,1045.37
"Clearwater, MN",27,29,998.94
"Cook, MN",27,31,1452.28
"Cottonwood, MN",27,33,638.61
"Crow Wing, MN",27,35,999.1
"Dakota, MN",27,37,562.17
"Dodge, MN",27,39,439.28
"Douglas, MN",27,41,637.3
"Faribault, MN",27,43,712.48
"Fillmore, MN",27,45,861.3
"Freeborn, MN",27,47,707.09
"Goodhue, MN",27,49,756.84
"Grant, MN",27,51,548.16
"Hennepin, MN",27,53,553.59
"Houston, MN",27,55,552.06
"Hubbard, MN",27,57,925.68
"Isanti, MN",27,59,435.79
"Itasca, MN",27,61,2667.72
"Jackson, MN",27,63,702.98
"Kanabec, MN",27,65,521.59
"Kandiyohi, MN",27,67,796.79
"Kittson, MN",27,69,1098.8
"Koochiching, MN",27,71,3104.07
"Lac qui Parle, MN",27,73,765.02
"Lake, MN",27,75,2109.29
"Lake of the Woods, MN",27,77,1297.87
"Le Sueur, MN",27,79,448.76
"Lincoln, MN",27,81,536.76
"Lyon, MN",27,83,714.56
"McLeod, MN",27,85,491.47
"Mahnomen, MN",27,87,557.88
"Marshall, MN",27,89,1775.07
"Martin, MN",27,91,712.35
"Meeker, MN",27,93,608.18
"Mille Lacs, MN",27,95,572.31
"Morrison, MN",27,97,1125.06
"Mower, MN",27,99,711.33
"Murray, MN",27,101,704.7
"Nicollet, MN",27,103,448.49
"Nobles, MN",27,105,715.11
"Norman, MN",27,107,872.79
"Olmsted, MN",27,109,653.35
"Otter Tail, MN",27,111,1972.07
"Pennington, MN",27,113,616.57
"Pine, MN",27,115,1411.29
"Pipestone, MN",27,117,465.06
"Polk, MN",27,119,1971.13
"Pope, MN",27,121,669.71
"Ramsey, MN",27,123,152.21
"Red Lake, MN",27,125,432.41
"Redwood, MN",27,127,878.57
"Renville, MN",27,129,982.91
"Rice, MN",27,131,495.68
"Rock, MN",27,133,482.46
"Roseau, MN",27,135,1671.6
"St. Louis, MN",27,137,6247.4
"Scott, MN",27,139,356.48
"Sherburne, MN",27,141,432.92
"Sibley, MN",27,143,588.78
"Stearns, MN",27,145,1343.13
"Steele, MN",27,147,429.65
"Stevens, MN",27,149,563.6
"Swift, MN",27,151,742.08
"Todd, MN",27,153,944.98
"Traverse, MN",27,155,573.9
"Wabasha, MN",27,157,522.98
"Wadena, MN",27,159,536.27
"Waseca, MN",27,161,423.36
"Washington, MN",27,163,384.28
"Watonwan, MN",27,165,434.95
"Wilkin, MN",27,167,750.96
"Winona, MN",27,169,626.21
"Wright, MN",27,171,661.46
"Yellow Medicine, MN",27,173,759.1
MISSISSIPPI,28,0,46923.27
"Adams, MS",28,1,462.41
"Alcorn, MS",28,3,400.04
"Amite, MS",28,5,730.1
"Attala, MS",28,7,734.98
"Benton, MS",28,9,406.62
"Bolivar, MS",28,11,876.57
"Calhoun, MS",28,13,586.57
"Carroll, MS",28,15,628.24
"Chickasaw, MS",28,17,501.78
"Choctaw, MS",28,19,418.18
"Claiborne, MS",28,21,487.41
"Clarke, MS",28,23,691.55
"Clay, MS",28,25,410.08
"Coahoma, MS",28,27,552.44
"Copiah, MS",28,29,777.24
"Covington, MS",28,31,413.79
"DeSoto, MS",28,33,476.15
"Forrest, MS",28,35,466.31
"Franklin, MS",28,37,563.78
"George, MS",28,39,478.71
"Greene, MS",28,41,712.76
"Grenada, MS",28,43,422.11
"Hancock, MS",28,45,473.75
"Harrison, MS",28,47,573.99
"Hinds, MS",28,49,869.74
"Holmes, MS",28,51,756.7
"Humphreys, MS",28,53,418.49
"Issaquena, MS",28,55,413.05
"Itawamba, MS",28,57,532.79
"Jackson, MS",28,59,722.75
"Jasper, MS",28,61,676.24
"Jefferson, MS",28,63,519.93
"Jefferson Davis, MS",28,65,408.44
"Jones, MS",28,67,694.8
"Kemper, MS",28,69,766.18
"Lafayette, MS",28,71,631.71
"Lamar, MS",28,73,497.06
"Lauderdale, MS",28,75,703.63
"Lawrence, MS",28,77,430.67
"Leake, MS",28,79,583
"Lee, MS",28,81,449.95
"Leflore, MS",28,83,592.54
"Lincoln, MS",28,85,586.12
"Lowndes, MS",28,87,505.51
"Madison, MS",28,89,714.51
"Marion, MS",28,91,542.38
"Marshall, MS",28,93,706.19
"Monroe, MS",28,95,765.09
"Montgomery, MS",28,97,406.98
"Neshoba, MS",28,99,570.14
"Newton, MS",28,101,578.1
"Noxubee, MS",28,103,695.14
"Oktibbeha, MS",28,105,458.2
"Panola, MS",28,107,685.14
"Pearl River, MS",28,109,810.86
"Perry, MS",28,111,647.25
"Pike, MS",28,113,409.02
"Pontotoc, MS",28,115,497.69
"Prentiss, MS",28,117,414.98
"Quitman, MS",28,119,405.01
"Rankin, MS",28,121,775.49
"Scott, MS",28,123,609.19
"Sharkey, MS",28,125,431.72
"Simpson, MS",28,127,589.16
"Smith, MS",28,129,636.25
"Stone, MS",28,131,445.49
"Sunflower, MS",28,133,697.75
"Tallahatchie, MS",28,135,645.29
"Tate, MS",28,137,404.76
"Tippah, MS",28,139,457.82
"Tishomingo, MS",28,141,424.25
"Tunica, MS",28,143,454.67
"Union, MS",28,145,415.6
"Walthall, MS",28,147,403.94
"Warren, MS",28,149,588.5
"Washington, MS",28,151,724.74
"Wayne, MS",28,153,810.75
"Webster, MS",28,155,420.94
"Wilkinson, MS",28,157,678.11
"Winston, MS",28,159,607.25
"Yalobusha, MS",28,161,467.13
"Yazoo, MS",28,163,922.95
MISSOURI,29,0,68741.52
"Adair, MO",29,1,567.32
"Andrew, MO",29,3,432.7
"Atchison, MO",29,5,547.3
"Audrain, MO",29,7,692.24
"Barry, MO",29,9,778.25
"Barton, MO",29,11,591.92
"Bates, MO",29,13,836.69
"Benton, MO",29,15,704.06
"Bollinger, MO",29,17,617.91
"Boone, MO",29,19,685.41
"Buchanan, MO",29,21,408.03
"Butler, MO",29,23,694.67
"Caldwell, MO",29,25,426.39
"Callaway, MO",29,27,834.58
"Camden, MO",29,29,655.92
"Cape Girardeau, MO",29,31,578.54
"Carroll, MO",29,33,694.62
"Carter, MO",29,35,507.36
"Cass, MO",29,37,696.84
"Cedar, MO",29,39,474.48
"Chariton, MO",29,41,751.18
"Christian, MO",29,43,562.65
"Clark, MO",29,45,504.69
"Clay, MO",29,47,397.3
"Clinton, MO",29,49,418.96
"Cole, MO",29,51,393.75
"Cooper, MO",29,53,564.77
"Crawford, MO",29,55,742.52
"Dade, MO",29,57,490.01
"Dallas, MO",29,59,540.77
"Daviess, MO",29,61,563.24
"DeKalb, MO",29,63,421.36
"Dent, MO",29,65,752.79
"Douglas, MO",29,67,813.63
"Dunklin, MO",29,69,541.07
"Franklin, MO",29,71,922.68
"Gasconade, MO",29,73,517.8
"Gentry, MO",29,75,491.42
"Greene, MO",29,77,675.3
"Grundy, MO",29,79,435.28
"Harrison, MO",29,81,722.5
"Henry, MO",29,83,696.95
"Hickory, MO",29,85,399.09
"Holt, MO",29,87,462.69
"Howard, MO",29,89,463.85
"Howell, MO",29,91,927.25
"Iron, MO",29,93,550.26
"Jackson, MO",29,95,604.46
"Jasper, MO",29,97,638.49
"Jefferson, MO",29,99,656.63
"Johnson, MO",29,101,829.28
"Knox, MO",29,103,504.01
"Laclede, MO",29,105,764.72
"Lafayette, MO",29,107,628.43
"Lawrence, MO",29,109,611.74
"Lewis, MO",29,111,505.04
"Lincoln, MO",29,113,626.56
"Linn, MO",29,115,615.56
"Livingston, MO",29,117,532.33
"McDonald, MO",29,119,539.48
"Macon, MO",29,121,801.23
"Madison, MO",29,123,494.39
"Maries, MO",29,125,526.98
"Marion, MO",29,127,436.92
"Mercer, MO",29,129,453.84
"Miller, MO",29,131,592.6
"Mississippi, MO",29,133,411.58
"Moniteau, MO",29,135,415.03
"Monroe, MO",29,137,647.65
"Montgomery, MO",29,139,536.25
"Morgan, MO",29,141,597.63
"New Madrid, MO",29,143,674.84
"Newton, MO",29,145,624.77
"Nodaway, MO",29,147,876.96
"Oregon, MO",29,149,789.8
"Osage, MO",29,151,604.35
"Ozark, MO",29,153,744.97
"Pemiscot, MO",29,155,492.54
"Perry, MO",29,157,474.35
"Pettis, MO",29,159,682.22
"Phelps, MO",29,161,671.78
"Pike, MO",29,163,670.44
"Platte, MO",29,165,420.19
"Polk, MO",29,167,635.52
"Pulaski, MO",29,169,547.1
"Putnam, MO",29,171,517.32
"Ralls, MO",29,173,469.78
"Randolph, MO",29,175,482.68
"Ray, MO",29,177,568.81
"Reynolds, MO",29,179,808.48
"Ripley, MO",29,181,629.54
"St. Charles, MO",29,183,560.44
"St. Clair, MO",29,185,669.98
"Ste. Genevieve, MO",29,186,499.15
"St. Francois, MO",29,187,451.89
"St. Louis, MO",29,189,507.8
"Saline, MO",29,195,755.5
"Schuyler, MO",29,197,307.3
"Scotland, MO",29,199,436.67
"Scott, MO",29,201,419.99
"Shannon, MO",29,203,1003.82
"Shelby, MO",29,205,500.86
"Stoddard, MO",29,207,823.22
"Stone, MO",29,209,464.03
"Sullivan, MO",29,211,647.98
"Taney, MO",29,213,632.44
"Texas, MO",29,215,1177.27
"Vernon, MO",29,217,826.4
"Warren, MO",29,219,428.6
"Washington, MO",29,221,759.91
"Wayne, MO",29,223,759.18
"Webster, MO",29,225,592.56
"Worth, MO",29,227,266.61
"Wright, MO",29,229,681.77
"St. Louis city, MO",29,510,61.91
MONTANA,30,0,145545.8
"Beaverhead, MT",30,1,5541.62
"Big Horn, MT",30,3,4995.46
"Blaine, MT",30,5,4227.55
"Broadwater, MT",30,7,1192.54
"Carbon, MT",30,9,2048.79
"Carter, MT",30,11,3340.75
"Cascade, MT",30,13,2698.16
"Chouteau, MT",30,15,3972.49
"Custer, MT",30,17,3783.36
"Daniels, MT",30,19,1426.11
"Dawson, MT",30,21,2371.87
"Deer Lodge, MT",30,23,736.53
"Fallon, MT",30,25,1620.77
"Fergus, MT",30,27,4339.8
"Flathead, MT",30,29,5087.66
"Gallatin, MT",30,31,2602.69
"Garfield, MT",30,33,4675.36
"Glacier, MT",30,35,2995.94
"Golden Valley, MT",30,37,1175.34
"Granite, MT",30,39,1727.42
"Hill, MT",30,41,2898.96
"Jefferson, MT",30,43,1656.26
"Judith Basin, MT",30,45,1869.82
"Lake, MT",30,47,1490.15
"Lewis and Clark, MT",30,49,3458.83
"Liberty, MT",30,51,1430.05
"Lincoln, MT",30,53,3612.92
"McCone, MT",30,55,2643.17
"Madison, MT",30,57,3587.48
"Meagher, MT",30,59,2391.91
"Mineral, MT",30,61,1219.44
"Missoula, MT",30,63,2593.42
"Musselshell, MT",30,65,1868.16
"Park, MT",30,67,2803.06
"Petroleum, MT",30,69,1654.87
"Phillips, MT",30,71,5140.04
"Pondera, MT",30,73,1622.86
"Powder River, MT",30,75,3297.3
"Powell, MT",30,77,2326.39
"Prairie, MT",30,79,1736.74
"Ravalli, MT",30,81,2390.82
"Richland, MT",30,83,2084.14
"Roosevelt, MT",30,85,2354.79
"Rosebud, MT",30,87,5010.4
"Sanders, MT",30,89,2760.52
"Sheridan, MT",30,91,1677.08
"Silver Bow, MT",30,93,718.48
"Stillwater, MT",30,95,1795.35
"Sweet Grass, MT",30,97,1855.21
"Teton, MT",30,99,2272.38
"Toole, MT",30,101,1915.65
"Treasure, MT",30,103,977.4
"Valley, MT",30,105,4925.82
"Wheatland, MT",30,107,1423.2
"Wibaux, MT",30,109,889.27
"Yellowstone, MT",30,111,2633.29
"Yellowstone National Park, MT",30,113,0
NEBRASKA,31,0,76824.17
"Adams, NE",31,1,563.27
"Antelope, NE",31,3,857.22
"Arthur, NE",31,5,715.36
"Banner, NE",31,7,746.11
"Blaine, NE",31,9,710.87
"Boone, NE",31,11,686.55
"Box Butte, NE",31,13,1075.29
"Boyd, NE",31,15,539.94
"Brown, NE",31,17,1221.33
"Buffalo, NE",31,19,968.11
"Burt, NE",31,21,491.58
"Butler, NE",31,23,584.91
"Cass, NE",31,25,557.45
"Cedar, NE",31,27,740.31
"Chase, NE",31,29,894.42
"Cherry, NE",31,31,5960.42
"Cheyenne, NE",31,33,1196.29
"Clay, NE",31,35,572.29
"Colfax, NE",31,37,411.66
"Cuming, NE",31,39,570.62
"Custer, NE",31,41,2575.52
"Dakota, NE",31,43,264.26
"Dawes, NE",31,45,1396.46
"Dawson, NE",31,47,1013.1
"Deuel, NE",31,49,439.85
"Dixon, NE",31,51,476.23
"Dodge, NE",31,53,528.71
"Douglas, NE",31,55,328.46
"Dundy, NE",31,57,919.68
"Fillmore, NE",31,59,575.37
"Franklin, NE",31,61,575.82
"Frontier, NE",31,63,974.59
"Furnas, NE",31,65,719.13
"Gage, NE",31,67,851.49
"Garden, NE",31,69,1704.28
"Garfield, NE",31,71,569.79
"Gosper, NE",31,73,458.16
"Grant, NE",31,75,776.22
"Greeley, NE",31,77,569.81
"Hall, NE",31,79,546.29
"Hamilton, NE",31,81,542.88
"Harlan, NE",31,83,553.47
"Hayes, NE",31,85,713.06
"Hitchcock, NE",31,87,709.94
"Holt, NE",31,89,2412.4
"Hooker, NE",31,91,721.12
"Howard, NE",31,93,569.34
"Jefferson, NE",31,95,570.19
"Johnson, NE",31,97,376.05
"Kearney, NE",31,99,516.24
"Keith, NE",31,101,1061.6
"Keya Paha, NE",31,103,773.07
"Kimball, NE",31,105,951.85
"Knox, NE",31,107,1108.35
"Lancaster, NE",31,109,837.55
"Lincoln, NE",31,111,2564.07
"Logan, NE",31,113,570.66
"Loup, NE",31,115,568.29
"McPherson, NE",31,117,858.98
"Madison, NE",31,119,572.74
"Merrick, NE",31,121,484.88
"Morrill, NE",31,123,1423.84
"Nance, NE",31,125,441.63
"Nemaha, NE",31,127,407.38
"Nuckolls, NE",31,129,575.16
"Otoe, NE",31,131,615.63
"Pawnee, NE",31,133,431.08
"Perkins, NE",31,135,883.34
"Phelps, NE",31,137,539.79
"Pierce, NE",31,139,573.25
"Platte, NE",31,141,674.06
"Polk, NE",31,143,438.35
"Red Willow, NE",31,145,716.99
"Richardson, NE",31,147,551.84
"Rock, NE",31,149,1008.32
"Saline, NE",31,151,574.02
"Sarpy, NE",31,153,238.99
"Saunders, NE",31,155,750.23
"Scotts Bluff, NE",31,157,739.4
"Seward, NE",31,159,571.43
"Sheridan, NE",31,161,2440.86
"Sherman, NE",31,163,565.83
"Sioux, NE",31,165,2066.74
"Stanton, NE",31,167,427.95
"Thayer, NE",31,169,573.81
"Thomas, NE",31,171,713.24
"Thurston, NE",31,173,393.58
"Valley, NE",31,175,568.05
"Washington, NE",31,177,389.96
"Wayne, NE",31,179,442.92
"Webster, NE",31,181,574.91
"Wheeler, NE",31,183,575.18
"York, NE",31,185,572.51
NEVADA,32,0,109781.18
"Churchill, NV",32,1,4930.46
"Clark, NV",32,3,7891.43
"Douglas, NV",32,5,709.72
"Elko, NV",32,7,17169.83
"Esmeralda, NV",32,9,3581.88
"Eureka, NV",32,11,4175.68
"Humboldt, NV",32,13,9640.76
"Lander, NV",32,15,5490.11
"Lincoln, NV",32,17,10633.2
"Lyon, NV",32,19,2001.19
"Mineral, NV",32,21,3752.84
"Nye, NV",32,23,18181.92
"Pershing, NV",32,27,6036.56
"Storey, NV",32,29,262.92
"Washoe, NV",32,31,6302.37
"White Pine, NV",32,33,8875.65
"Carson City city, NV",32,510,144.66
NEW HAMPSHIRE,33,0,8952.65
"Belknap, NH",33,1,400.23
"Carroll, NH",33,3,931.06
"Cheshire, NH",33,5,706.66
"Coos, NH",33,7,1794.69
"Grafton, NH",33,9,1708.75
"Hillsborough, NH",33,11,876.14
"Merrimack, NH",33,13,934.12
"Rockingham, NH",33,15,694.72
"Strafford, NH",33,17,368.98
"Sullivan, NH",33,19,537.31
NEW JERSEY,34,0,7354.22
"Atlantic, NJ",34,1,555.7
"Bergen, NJ",34,3,233.01
"Burlington, NJ",34,5,798.58
"Camden, NJ",34,7,221.26
"Cape May, NJ",34,9,251.43
"Cumberland, NJ",34,11,483.7
"Essex, NJ",34,13,126.21
"Gloucester, NJ",34,15,322.01
"Hudson, NJ",34,17,46.19
"Hunterdon, NJ",34,19,427.82
"Mercer, NJ",34,21,224.56
"Middlesex, NJ",34,23,308.91
"Monmouth, NJ",34,25,468.79
"Morris, NJ",34,27,460.18
"Ocean, NJ",34,29,628.78
"Passaic, NJ",34,31,184.59
"Salem, NJ",34,33,331.9
"Somerset, NJ",34,35,301.81
"Sussex, NJ",34,37,519.01
"Union, NJ",34,39,102.86
"Warren, NJ",34,41,356.92
NEW MEXICO,35,0,121298.15
"Bernalillo, NM",35,1,1160.83
"Catron, NM",35,3,6923.69
"Chaves, NM",35,5,6065.28
"Cibola, NM",35,6,4539.48
"Colfax, NM",35,7,3758.06
"Curry, NM",35,9,1404.8
"De Baca, NM",35,11,2322.62
"Dona Ana, NM",35,13,3807.51
"Eddy, NM",35,15,4175.73
"Grant, NM",35,17,3961.63
"Guadalupe, NM",35,19,3030.48
"Harding, NM",35,21,2125.44
"Hidalgo, NM",35,23,3436.86
"Lea, NM",35,25,4390.93
"Lincoln, NM",35,27,4831.09
"Los Alamos, NM",35,28,109.17
"Luna, NM",35,29,2965.19
"McKinley, NM",35,31,5449.81
"Mora, NM",35,33,1931.27
"Otero, NM",35,35,6613.21
"Quay, NM",35,37,2874.35
"Rio Arriba, NM",35,39,5860.84
"Roosevelt, NM",35,41,2447.43
"Sandoval, NM",35,43,3710.65
"San Juan, NM",35,45,5513.07
"San Miguel, NM",35,47,4715.82
"Santa Fe, NM",35,49,1909.41
"Sierra, NM",35,51,4178.96
"Socorro, NM",35,53,6646.68
"Taos, NM",35,55,2203.11
"Torrance, NM",35,57,3344.85
"Union, NM",35,59,3823.74
"Valencia, NM",35,61,1066.18
NEW YORK,36,0,47126.4
"Albany, NY",36,1,522.8
"Allegany, NY",36,3,1029.31
"Bronx, NY",36,5,42.1
"Broome, NY",36,7,705.77
"Cattaraugus, NY",36,9,1308.35
"Cayuga, NY",36,11,691.58
"Chautauqua, NY",36,13,1060.23
"Chemung, NY",36,15,407.35
"Chenango, NY",36,17,893.55
"Clinton, NY",36,19,1037.85
"Columbia, NY",36,21,634.71
"Cortland, NY",36,23,498.76
"Delaware, NY",36,25,1442.44
"Dutchess, NY",36,27,795.63
"Erie, NY",36,29,1042.69
"Essex, NY",36,31,1794.23
"Franklin, NY",36,33,1629.12
"Fulton, NY",36,35,495.47
"Genesee, NY",36,37,492.94
"Greene, NY",36,39,647.16
"Hamilton, NY",36,41,1717.37
"Herkimer, NY",36,43,1411.47
"Jefferson, NY",36,45,1268.59
"Kings, NY",36,47,70.82
"Lewis, NY",36,49,1274.68
"Livingston, NY",36,51,631.76
"Madison, NY",36,53,654.84
"Monroe, NY",36,55,657.21
"Montgomery, NY",36,57,403.04
"Nassau, NY",36,59,284.72
"New York, NY",36,61,22.83
"Niagara, NY",36,63,522.36
"Oneida, NY",36,65,1212.43
"Onondaga, NY",36,67,778.39
"Ontario, NY",36,69,644.07
"Orange, NY",36,71,811.69
"Orleans, NY",36,73,391.26
"Oswego, NY",36,75,951.65
"Otsego, NY",36,77,1001.7
"Putnam, NY",36,79,230.31
"Queens, NY",36,81,108.53
"Rensselaer, NY",36,83,652.43
"Richmond, NY",36,85,58.37
"Rockland, NY",36,87,173.55
"St. Lawrence, NY",36,89,2680.38
"Saratoga, NY",36,91,809.98
"Schenectady, NY",36,93,204.52
"Schoharie, NY",36,95,621.82
"Schuyler, NY",36,97,328.33
"Seneca, NY",36,99,323.71
"Steuben, NY",36,101,1390.56
"Suffolk, NY",36,103,912.05
"Sullivan, NY",36,105,968.13
"Tioga, NY",36,107,518.6
"Tompkins, NY",36,109,474.65
"Ulster, NY",36,111,1124.24
"Warren, NY",36,113,866.95
"Washington, NY",36,115,831.18
"Wayne, NY",36,117,603.83
"Westchester, NY",36,119,430.5
"Wyoming, NY",36,121,592.75
"Yates, NY",36,123,338.14
NORTH CAROLINA,37,0,48617.91
"Alamance, NC",37,1,423.94
"Alexander, NC",37,3,259.99
"Alleghany, NC",37,5,235.06
"Anson, NC",37,7,531.45
"Ashe, NC",37,9,426.14
"Avery, NC",37,11,247.09
"Beaufort, NC",37,13,827.19
"Bertie, NC",37,15,699.27
"Bladen, NC",37,17,874.33
"Brunswick, NC",37,19,846.97
"Buncombe, NC",37,21,656.67
"Burke, NC",37,23,507.1
"Cabarrus, NC",37,25,361.75
"Caldwell, NC",37,27,471.57
"Camden, NC",37,29,240.56
"Carteret, NC",37,31,506.25
"Caswell, NC",37,33,424.92
"Catawba, NC",37,35,398.72
"Chatham, NC",37,37,682.19
"Cherokee, NC",37,39,455.43
"Chowan, NC",37,41,172.47
"Clay, NC",37,43,214.75
"Cleveland, NC",37,45,464.25
"Columbus, NC",37,47,937.29
"Craven, NC",37,49,708.96
"Cumberland, NC",37,51,652.32
"Currituck, NC",37,53,261.85
"Dare, NC",37,55,383.42
"Davidson, NC",37,57,552.68
"Davie, NC",37,59,264.11
"Duplin, NC",37,61,816.22
"Durham, NC",37,63,285.98
"Edgecombe, NC",37,65,505.34
"Forsyth, NC",37,67,408.15
"Franklin, NC",37,69,491.68
"Gaston, NC",37,71,356.03
"Gates, NC",37,73,340.45
"Graham, NC",37,75,292.08
"Granville, NC",37,77,531.57
"Greene, NC",37,79,265.93
"Guilford, NC",37,81,645.7
"Halifax, NC",37,83,724.09
"Harnett, NC",37,85,594.99
"Haywood, NC",37,87,553.69
"Henderson, NC",37,89,373.07
"Hertford, NC",37,91,353.06
"Hoke, NC",37,93,390.74
"Hyde, NC",37,95,612.7
"Iredell, NC",37,97,573.83
"Jackson, NC",37,99,490.76
"Johnston, NC",37,101,791.3
"Jones, NC",37,103,470.71
"Lee, NC",37,105,254.96
"Lenoir, NC",37,107,400.59
"Lincoln, NC",37,109,297.94
"McDowell, NC",37,111,440.61
"Macon, NC",37,113,515.56
"Madison, NC",37,115,449.57
"Martin, NC",37,117,461.22
"Mecklenburg, NC",37,119,523.84
"Mitchell, NC",37,121,221.43
"Montgomery, NC",37,123,491.76
"Moore, NC",37,125,697.84
"Nash, NC",37,127,540.41
"New Hanover, NC",37,129,191.53
"Northampton, NC",37,131,536.59
"Onslow, NC",37,133,762.74
"Orange, NC",37,135,397.96
"Pamlico, NC",37,137,336.54
"Pasquotank, NC",37,139,226.88
"Pender, NC",37,141,869.8
"Perquimans, NC",37,143,247.09
"Person, NC",37,145,392.32
"Pitt, NC",37,147,651.98
"Polk, NC",37,149,237.79
"Randolph, NC",37,151,782.52
"Richmond, NC",37,153,473.82
"Robeson, NC",37,155,949.22
"Rockingham, NC",37,157,565.55
"Rowan, NC",37,159,511.37
"Rutherford, NC",37,161,564.15
"Sampson, NC",37,163,944.74
"Scotland, NC",37,165,318.85
"Stanly, NC",37,167,395.09
"Stokes, NC",37,169,448.86
"Surry, NC",37,171,532.17
"Swain, NC",37,173,528
"Transylvania, NC",37,175,378.53
"Tyrrell, NC",37,177,389.04
"Union, NC",37,179,631.52
"Vance, NC",37,181,253.52
"Wake, NC",37,183,835.22
"Warren, NC",37,185,428.46
"Washington, NC",37,187,348.14
"Watauga, NC",37,189,312.56
"Wayne, NC",37,191,553.09
"Wilkes, NC",37,193,754.28
"Wilson, NC",37,195,368.17
"Yadkin, NC",37,197,334.83
"Yancey, NC",37,199,312.6
NORTH DAKOTA,38,0,69000.8
"Adams, ND",38,1,987.62
"Barnes, ND",38,3,1491.55
"Benson, ND",38,5,1388.71
"Billings, ND",38,7,1148.85
"Bottineau, ND",38,9,1668.42
"Bowman, ND",38,11,1161.81
"Burke, ND",38,13,1103.57
"Burleigh, ND",38,15,1632.65
"Cass, ND",38,17,1764.94
"Cavalier, ND",38,19,1488.75
"Dickey, ND",38,21,1131.47
"Divide, ND",38,23,1260.79
"Dunn, ND",38,25,2008.46
"Eddy, ND",38,27,630.17
"Emmons, ND",38,29,1510.44
"Foster, ND",38,31,635.45
"Golden Valley, ND",38,33,1000.79
"Grand Forks, ND",38,35,1436.38
"Grant, ND",38,37,1659.14
"Griggs, ND",38,39,708.82
"Hettinger, ND",38,41,1132.22
"Kidder, ND",38,43,1351.19
"LaMoure, ND",38,45,1145.94
"Logan, ND",38,47,992.82
"McHenry, ND",38,49,1873.95
"McIntosh, ND",38,51,974.73
"McKenzie, ND",38,53,2760.32
"McLean, ND",38,55,2110.88
"Mercer, ND",38,57,1042.96
"Morton, ND",38,59,1926.27
"Mountrail, ND",38,61,1825.3
"Nelson, ND",38,63,981.78
"Oliver, ND",38,65,722.51
"Pembina, ND",38,67,1118.69
"Pierce, ND",38,69,1018.6
"Ramsey, ND",38,71,1186.85
"Ransom, ND",38,73,862.36
"Renville, ND",38,75,877.05
"Richland, ND",38,77,1435.78
"Rolette, ND",38,79,903.08
"Sargent, ND",38,81,858.51
"Sheridan, ND",38,83,972.38
"Sioux, ND",38,85,1094.09
"Slope, ND",38,87,1214.92
"Stark, ND",38,89,1334.74
"Steele, ND",38,91,712.22
"Stutsman, ND",38,93,2221.72
"Towner, ND",38,95,1024.56
"Traill, ND",38,97,861.95
"Walsh, ND",38,99,1281.93
"Ward, ND",38,101,2013.28
"Wells, ND",38,103,1271.05
"Williams, ND",38,105,2077.4
OHIO,39,0,40860.69
"Adams, OH",39,1,583.87
"Allen, OH",39,3,402.5
"Ashland, OH",39,5,422.95
"Ashtabula, OH",39,7,701.93
"Athens, OH",39,9,503.6
"Auglaize, OH",39,11,401.39
"Belmont, OH",39,13,532.13
"Brown, OH",39,15,490.02
"Butler, OH",39,17,467.06
"Carroll, OH",39,19,394.61
"Champaign, OH",39,21,428.67
"Clark, OH",39,23,397.47
"Clermont, OH",39,25,452.1
"Clinton, OH",39,27,408.68
"Columbiana, OH",39,29,531.89
"Coshocton, OH",39,31,563.91
"Crawford, OH",39,33,401.79
"Cuyahoga, OH",39,35,457.19
"Darke, OH",39,37,598.1
"Defiance, OH",39,39,411.46
"Delaware, OH",39,41,443.1
"Erie, OH",39,43,251.56
"Fairfield, OH",39,45,504.41
"Fayette, OH",39,47,406.36
"Franklin, OH",39,49,532.19
"Fulton, OH",39,51,405.44
"Gallia, OH",39,53,466.53
"Geauga, OH",39,55,400.16
"Greene, OH",39,57,413.73
"Guernsey, OH",39,59,522.25
"Hamilton, OH",39,61,405.91
"Hancock, OH",39,63,531.36
"Hardin, OH",39,65,470.41
"Harrison, OH",39,67,402.34
"Henry, OH",39,69,416.01
"Highland, OH",39,71,553.08
"Hocking, OH",39,73,421.32
"Holmes, OH",39,75,422.53
"Huron, OH",39,77,491.5
"Jackson, OH",39,79,420.3
"Jefferson, OH",39,81,408.33
"Knox, OH",39,83,525.49
"Lake, OH",39,85,227.49
"Lawrence, OH",39,87,453.37
"Licking, OH",39,89,682.5
"Logan, OH",39,91,458.43
"Lorain, OH",39,93,491.1
"Lucas, OH",39,95,340.86
"Madison, OH",39,97,465.88
"Mahoning, OH",39,99,411.62
"Marion, OH",39,101,403.76
"Medina, OH",39,103,421.36
"Meigs, OH",39,105,430.1
"Mercer, OH",39,107,462.45
"Miami, OH",39,109,406.58
"Monroe, OH",39,111,455.72
"Montgomery, OH",39,113,461.55
"Morgan, OH",39,115,416.42
"Morrow, OH",39,117,406.08
"Muskingum, OH",39,119,664.58
"Noble, OH",39,121,398.01
"Ottawa, OH",39,123,254.92
"Paulding, OH",39,125,416.44
"Perry, OH",39,127,407.97
"Pickaway, OH",39,129,501.32
"Pike, OH",39,131,440.28
"Portage, OH",39,133,487.38
"Preble, OH",39,135,424.12
"Putnam, OH",39,137,482.52
"Richland, OH",39,139,495.27
"Ross, OH",39,141,689.19
"Sandusky, OH",39,143,408.45
"Scioto, OH",39,145,610.21
"Seneca, OH",39,147,551.02
"Shelby, OH",39,149,407.68
"Stark, OH",39,151,575.27
"Summit, OH",39,153,412.75
"Trumbull, OH",39,155,618.3
"Tuscarawas, OH",39,157,567.64
"Union, OH",39,159,431.73
"Van Wert, OH",39,161,409.16
"Vinton, OH",39,163,412.36
"Warren, OH",39,165,401.31
"Washington, OH",39,167,631.97
"Wayne, OH",39,169,554.93
"Williams, OH",39,171,420.97
"Wood, OH",39,173,617.21
"Wyandot, OH",39,175,406.87
OKLAHOMA,40,0,68594.92
"Adair, OK",40,1,573.48
"Alfalfa, OK",40,3,866.46
"Atoka, OK",40,5,975.52
"Beaver, OK",40,7,1814.67
"Beckham, OK",40,9,901.81
"Blaine, OK",40,11,928.42
"Bryan, OK",40,13,904.47
"Caddo, OK",40,15,1278.29
"Canadian, OK",40,17,896.63
"Carter, OK",40,19,822.18
"Cherokee, OK",40,21,749.41
"Choctaw, OK",40,23,770.36
"Cimarron, OK",40,25,1834.74
"Cleveland, OK",40,27,538.77
"Coal, OK",40,29,516.68
"Comanche, OK",40,31,1069.29
"Cotton, OK",40,33,632.65
"Craig, OK",40,35,761.35
"Creek, OK",40,37,950.14
"Custer, OK",40,39,988.82
"Delaware, OK",40,41,738.18
"Dewey, OK",40,43,999.48
"Ellis, OK",40,45,1231.52
"Garfield, OK",40,47,1058.47
"Garvin, OK",40,49,802.12
"Grady, OK",40,51,1100.5
"Grant, OK",40,53,1000.87
"Greer, OK",40,55,639.32
"Harmon, OK",40,57,537.19
"Harper, OK",40,59,1039.02
"Haskell, OK",40,61,576.52
"Hughes, OK",40,63,804.65
"Jackson, OK",40,65,802.65
"Jefferson, OK",40,67,758.83
"Johnston, OK",40,69,642.94
"Kay, OK",40,71,919.73
"Kingfisher, OK",40,73,898.16
"Kiowa, OK",40,75,1015.23
"Latimer, OK",40,77,722.08
"Le Flore, OK",40,79,1589.21
"Lincoln, OK",40,81,952.31
"Logan, OK",40,83,743.83
"Love, OK",40,85,514
"McClain, OK",40,87,570.7
"McCurtain, OK",40,89,1850.01
"McIntosh, OK",40,91,618.5
"Major, OK",40,93,954.99
"Marshall, OK",40,95,371.08
"Mayes, OK",40,97,655.39
"Murray, OK",40,99,416.46
"Muskogee, OK",40,101,810.45
"Noble, OK",40,103,731.9
"Nowata, OK",40,105,565.78
"Okfuskee, OK",40,107,618.57
"Oklahoma, OK",40,109,708.82
"Okmulgee, OK",40,111,697.35
"Osage, OK",40,113,2246.36
"Ottawa, OK",40,115,470.82
"Pawnee, OK",40,117,567.96
"Payne, OK",40,119,684.7
"Pittsburg, OK",40,121,1305.46
"Pontotoc, OK",40,123,720.44
"Pottawatomie, OK",40,125,787.67
"Pushmataha, OK",40,127,1395.84
"Roger Mills, OK",40,129,1141.14
"Rogers, OK",40,131,675.63
"Seminole, OK",40,133,632.84
"Sequoyah, OK",40,135,673.27
"Stephens, OK",40,137,870.24
"Texas, OK",40,139,2041.26
"Tillman, OK",40,141,871.13
"Tulsa, OK",40,143,570.25
"Wagoner, OK",40,145,561.56
"Washington, OK",40,147,415.45
"Washita, OK",40,149,1003.17
"Woods, OK",40,151,1286.45
"Woodward, OK",40,153,1242.4
OREGON,41,0,95988.01
"Baker, OR",41,1,3068.36
"Benton, OR",41,3,675.94
"Clackamas, OR",41,5,1870.32
"Clatsop, OR",41,7,829.05
"Columbia, OR",41,9,657.36
"Coos, OR",41,11,1596.17
"Crook, OR",41,13,2979.09
"Curry, OR",41,15,1627.46
"Deschutes, OR",41,17,3018.19
"Douglas, OR",41,19,5036.08
"Gilliam, OR",41,21,1204.81
"Grant, OR",41,23,4528.54
"Harney, OR",41,25,10133.17
"Hood River, OR",41,27,521.95
"Jackson, OR",41,29,2783.55
"Jefferson, OR",41,31,1780.79
"Josephine, OR",41,33,1639.67
"Klamath, OR",41,35,5941.05
"Lake, OR",41,37,8138.98
"Lane, OR",41,39,4553.12
"Lincoln, OR",41,41,979.77
"Linn, OR",41,43,2290.13
"Malheur, OR",41,45,9887.53
"Marion, OR",41,47,1182.33
"Morrow, OR",41,49,2031.61
"Multnomah, OR",41,51,431.3
"Polk, OR",41,53,740.79
"Sherman, OR",41,55,823.69
"Tillamook, OR",41,57,1102.58
"Umatilla, OR",41,59,3215.51
"Union, OR",41,61,2036.61
"Wallowa, OR",41,63,3146.19
"Wasco, OR",41,65,2381.52
"Washington, OR",41,67,724.23
"Wheeler, OR",41,69,1714.75
"Yamhill, OR",41,71,715.86
PENNSYLVANIA,42,0,44742.7
"Adams, PA",42,1,518.67
"Allegheny, PA",42,3,730.08
"Armstrong, PA",42,5,653.2
"Beaver, PA",42,7,434.71
"Bedford, PA",42,9,1012.3
"Berks, PA",42,11,856.51
"Blair, PA",42,13,525.8
"Bradford, PA",42,15,1147.4
"Bucks, PA",42,17,604.31
"Butler, PA",42,19,788.6
"Cambria, PA",42,21,688.35
"Cameron, PA",42,23,396.23
"Carbon, PA",42,25,381.46
"Centre, PA",42,27,1109.92
"Chester, PA",42,29,750.51
"Clarion, PA",42,31,600.83
"Clearfield, PA",42,33,1144.72
"Clinton, PA",42,35,887.98
"Columbia, PA",42,37,483.11
"Crawford, PA",42,39,1012.3
"Cumberland, PA",42,41,545.46
"Dauphin, PA",42,43,525.05
"Delaware, PA",42,45,183.84
"Elk, PA",42,47,827.36
"Erie, PA",42,49,799.15
"Fayette, PA",42,51,790.34
"Forest, PA",42,53,427.19
"Franklin, PA",42,55,772.22
"Fulton, PA",42,57,437.55
"Greene, PA",42,59,575.95
"Huntingdon, PA",42,61,874.64
"Indiana, PA",42,63,827.03
"Jefferson, PA",42,65,652.43
"Juniata, PA",42,67,391.35
"Lackawanna, PA",42,69,459.08
"Lancaster, PA",42,71,943.81
"Lawrence, PA",42,73,358.18
"Lebanon, PA",42,75,361.83
"Lehigh, PA",42,77,345.17
"Luzerne, PA",42,79,890.33
"Lycoming, PA",42,81,1228.59
"McKean, PA",42,83,979.2
"Mercer, PA",42,85,672.58
"Mifflin, PA",42,87,411.03
"Monroe, PA",42,89,608.29
"Montgomery, PA",42,91,483.04
"Montour, PA",42,93,130.24
"Northampton, PA",42,95,369.67
"Northumberland, PA",42,97,458.37
"Perry, PA",42,99,551.45
"Philadelphia, PA",42,101,134.1
"Pike, PA",42,103,544.96
"Potter, PA",42,105,1081.32
"Schuylkill, PA",42,107,778.63
"Snyder, PA",42,109,328.71
"Somerset, PA",42,111,1074.37
"Sullivan, PA",42,113,449.94
"Susquehanna, PA",42,115,823.44
"Tioga, PA",42,117,1133.79
"Union, PA",42,119,315.98
"Venango, PA",42,121,674.28
"Warren, PA",42,123,884.14
"Washington, PA",42,125,856.99
"Wayne, PA",42,127,725.6
"Westmoreland, PA",42,129,1027.55
"Wyoming, PA",42,131,397.32
"York, PA",42,133,904.18
RHODE ISLAND,44,0,1033.81
"Bristol, RI",44,1,24.16
"Kent, RI",44,3,168.53
"Newport, RI",44,5,102.39
"Providence, RI",44,7,409.5
"Washington, RI",44,9,329.24
SOUTH CAROLINA,45,0,30060.7
"Abbeville, SC",45,1,490.48
"Aiken, SC",45,3,1071.03
"Allendale, SC",45,5,408.09
"Anderson, SC",45,7,715.43
"Bamberg, SC",45,9,393.37
"Barnwell, SC",45,11,548.39
"Beaufort, SC",45,13,576.28
"Berkeley, SC",45,15,1098.86
"Calhoun, SC",45,17,381.15
"Charleston, SC",45,19,916.09
"Cherokee, SC",45,21,392.66
"Chester, SC",45,23,580.66
"Chesterfield, SC",45,25,799.08
"Clarendon, SC",45,27,606.94
"Colleton, SC",45,29,1056.49
"Darlington, SC",45,31,561.15
"Dillon, SC",45,33,404.87
"Dorchester, SC",45,35,573.23
"Edgefield, SC",45,37,500.41
"Fairfield, SC",45,39,686.28
"Florence, SC",45,41,799.96
"Georgetown, SC",45,43,813.55
"Greenville, SC",45,45,785.12
"Greenwood, SC",45,47,454.73
"Hampton, SC",45,49,559.9
"Horry, SC",45,51,1133.9
"Jasper, SC",45,53,655.32
"Kershaw, SC",45,55,726.56
"Lancaster, SC",45,57,549.16
"Laurens, SC",45,59,713.8
"Lee, SC",45,61,410.18
"Lexington, SC",45,63,698.91
"McCormick, SC",45,65,359.13
"Marion, SC",45,67,489.23
"Marlboro, SC",45,69,479.67
"Newberry, SC",45,71,630.04
"Oconee, SC",45,73,626.33
"Orangeburg, SC",45,75,1106.1
"Pickens, SC",45,77,496.41
"Richland, SC",45,79,757.07
"Saluda, SC",45,81,452.78
"Spartanburg, SC",45,83,807.93
"Sumter, SC",45,85,665.07
"Union, SC",45,87,514.17
"Williamsburg, SC",45,89,934.16
"York, SC",45,91,680.6
SOUTH DAKOTA,46,0,75811
"Aurora, SD",46,3,708.43
"Beadle, SD",46,5,1258.71
"Bennett, SD",46,7,1184.71
"Bon Homme, SD",46,9,563.7
"Brookings, SD",46,11,792.21
"Brown, SD",46,13,1712.98
"Brule, SD",46,15,817.24
"Buffalo, SD",46,17,471.38
"Butte, SD",46,19,2249.9
"Campbell, SD",46,21,733.68
"Charles Mix, SD",46,23,1097.49
"Clark, SD",46,25,957.6
"Clay, SD",46,27,412.19
"Codington, SD",46,29,688.5
"Corson, SD",46,31,2469.69
"Custer, SD",46,33,1557
"Davison, SD",46,35,435.56
"Day, SD",46,37,1027.87
"Deuel, SD",46,39,622.69
"Dewey, SD",46,41,2302.49
"Douglas, SD",46,43,431.8
"Edmunds, SD",46,45,1125.96
"Fall River, SD",46,47,1739.92
"Faulk, SD",46,49,981.75
"Grant, SD",46,51,681.46
"Gregory, SD",46,53,1014.96
"Haakon, SD",46,55,1810.53
"Hamlin, SD",46,57,507.23
"Hand, SD",46,59,1436.61
"Hanson, SD",46,61,434.51
"Harding, SD",46,63,2671.38
"Hughes, SD",46,65,741.56
"Hutchinson, SD",46,67,812.9
"Hyde, SD",46,69,860.52
"Jackson, SD",46,71,1863.91
"Jerauld, SD",46,73,526.23
"Jones, SD",46,75,969.68
"Kingsbury, SD",46,77,832.24
"Lake, SD",46,79,563.28
"Lawrence, SD",46,81,800.04
"Lincoln, SD",46,83,577.28
"Lyman, SD",46,85,1641.94
"McCook, SD",46,87,574.2
"McPherson, SD",46,89,1136.64
"Marshall, SD",46,91,838.07
"Meade, SD",46,93,3470.98
"Mellette, SD",46,95,1307.31
"Miner, SD",46,97,570.31
"Minnehaha, SD",46,99,807.15
"Moody, SD",46,101,519.39
"Pennington, SD",46,103,2776.55
"Perkins, SD",46,105,2870.48
"Potter, SD",46,107,861.14
"Roberts, SD",46,109,1101.04
"Sanborn, SD",46,111,569.32
"Shannon, SD",46,113,2093.9
"Spink, SD",46,115,1503.93
"Stanley, SD",46,117,1444.43
"Sully, SD",46,119,1006.82
"Todd, SD",46,121,1388.56
"Tripp, SD",46,123,1612.45
"Turner, SD",46,125,617.06
"Union, SD",46,127,460.54
"Walworth, SD",46,129,708.63
"Yankton, SD",46,135,521.16
"Ziebach, SD",46,137,1961.27
TENNESSEE,47,0,41234.9
"Anderson, TN",47,1,337.16
"Bedford, TN",47,3,473.64
"Benton, TN",47,5,394.14
"Bledsoe, TN",47,7,406.43
"Blount, TN",47,9,558.71
"Bradley, TN",47,11,328.76
"Campbell, TN",47,13,480.19
"Cannon, TN",47,15,265.64
"Carroll, TN",47,17,599.25
"Carter, TN",47,19,341.2
"Cheatham, TN",47,21,302.44
"Chester, TN",47,23,285.74
"Claiborne, TN",47,25,434.58
"Clay, TN",47,27,236.54
"Cocke, TN",47,29,434.57
"Coffee, TN",47,31,428.96
"Crockett, TN",47,33,265.54
"Cumberland, TN",47,35,681.03
"Davidson, TN",47,37,504.03
"Decatur, TN",47,39,333.85
"DeKalb, TN",47,41,304.35
"Dickson, TN",47,43,489.9
"Dyer, TN",47,45,512.33
"Fayette, TN",47,47,704.79
"Fentress, TN",47,49,498.61
"Franklin, TN",47,51,554.54
"Gibson, TN",47,53,602.74
"Giles, TN",47,55,610.93
"Grainger, TN",47,57,280.6
"Greene, TN",47,59,622.17
"Grundy, TN",47,61,360.53
"Hamblen, TN",47,63,161.18
"Hamilton, TN",47,65,542.43
"Hancock, TN",47,67,222.34
"Hardeman, TN",47,69,667.77
"Hardin, TN",47,71,577.32
"Hawkins, TN",47,73,486.98
"Haywood, TN",47,75,533.11
"Henderson, TN",47,77,520.07
"Henry, TN",47,79,562.1
"Hickman, TN",47,81,612.5
"Houston, TN",47,83,200.29
"Humphreys, TN",47,85,530.98
"Jackson, TN",47,87,308.32
"Jefferson, TN",47,89,274.08
"Johnson, TN",47,91,298.48
"Knox, TN",47,93,508.22
"Lake, TN",47,95,165.78
"Lauderdale, TN",47,97,471.99
"Lawrence, TN",47,99,617.13
"Lewis, TN",47,101,282.09
"Lincoln, TN",47,103,570.34
"Loudon, TN",47,105,229.22
"McMinn, TN",47,107,430.13
"McNairy, TN",47,109,562.86
"Macon, TN",47,111,307.14
"Madison, TN",47,113,557.12
"Marion, TN",47,115,498.16
"Marshall, TN",47,117,375.46
"Maury, TN",47,119,613.14
"Meigs, TN",47,121,195.12
"Monroe, TN",47,123,635.57
"Montgomery, TN",47,125,539.18
"Moore, TN",47,127,129.22
"Morgan, TN",47,129,522.18
"Obion, TN",47,131,544.73
"Overton, TN",47,133,433.48
"Perry, TN",47,135,414.73
"Pickett, TN",47,137,162.98
"Polk, TN",47,139,434.68
"Putnam, TN",47,141,401.1
"Rhea, TN",47,143,315.38
"Roane, TN",47,145,360.71
"Robertson, TN",47,147,476.29
"Rutherford, TN",47,149,619.36
"Scott, TN",47,151,532.3
"Sequatchie, TN",47,153,265.86
"Sevier, TN",47,155,592.5
"Shelby, TN",47,157,763.17
"Smith, TN",47,159,314.29
"Stewart, TN",47,161,459.33
"Sullivan, TN",47,163,413.36
"Sumner, TN",47,165,529.45
"Tipton, TN",47,167,458.37
"Trousdale, TN",47,169,114.19
"Unicoi, TN",47,171,186.17
"Union, TN",47,173,223.55
"Van Buren, TN",47,175,273.42
"Warren, TN",47,177,432.68
"Washington, TN",47,179,326.47
"Wayne, TN",47,181,734.1
"Weakley, TN",47,183,580.36
"White, TN",47,185,376.67
"Williamson, TN",47,187,582.6
"Wilson, TN",47,189,570.83
TEXAS,48,0,261231.71
"Anderson, TX",48,1,1062.6
"Andrews, TX",48,3,1500.71
"Angelina, TX",48,5,797.78
"Aransas, TX",48,7,252.07
"Archer, TX",48,9,903.11
"Armstrong, TX",48,11,909.11
"Atascosa, TX",48,13,1219.54
"Austin, TX",48,15,646.51
"Bailey, TX",48,17,826.8
"Bandera, TX",48,19,790.96
"Bastrop, TX",48,21,888.15
"Baylor, TX",48,23,867.48
"Bee, TX",48,25,880.24
"Bell, TX",48,27,1051.02
"Bexar, TX",48,29,1239.82
"Blanco, TX",48,31,709.25
"Borden, TX",48,33,897.44
"Bosque, TX",48,35,982.98
"Bowie, TX",48,37,885.01
"Brazoria, TX",48,39,1357.7
"Brazos, TX",48,41,585.45
"Brewster, TX",48,43,6183.73
"Briscoe, TX",48,45,900
"Brooks, TX",48,47,943.36
"Brown, TX",48,49,944.43
"Burleson, TX",48,51,659.03
"Burnet, TX",48,53,994.26
"Caldwell, TX",48,55,545.26
"Calhoun, TX",48,57,506.84
"Callahan, TX",48,59,899.37
"Cameron, TX",48,61,890.92
"Camp, TX",48,63,195.83
"Carson, TX",48,65,920.22
"Cass, TX",48,67,936.96
"Castro, TX",48,69,894.43
"Chambers, TX",48,71,597.14
"Cherokee, TX",48,73,1052.91
"Childress, TX",48,75,696.41
"Clay, TX",48,77,1088.72
"Cochran, TX",48,79,775.15
"Coke, TX",48,81,911.47
"Coleman, TX",48,83,1261.95
"Collin, TX",48,85,841.23
"Collingsworth, TX",48,87,918.44
"Colorado, TX",48,89,960.27
"Comal, TX",48,91,559.48
"Comanche, TX",48,93,937.75
"Concho, TX",48,95,983.8
"Cooke, TX",48,97,874.76
"Coryell, TX",48,99,1052.07
"Cottle, TX",48,101,900.56
"Crane, TX",48,103,785.07
"Crockett, TX",48,105,2807.33
"Crosby, TX",48,107,900.2
"Culberson, TX",48,109,3812.8
"Dallam, TX",48,111,1503.26
"Dallas, TX",48,113,871.28
"Dawson, TX",48,115,900.31
"Deaf Smith, TX",48,117,1496.87
"Delta, TX",48,119,256.83
"Denton, TX",48,121,878.43
"DeWitt, TX",48,123,908.98
"Dickens, TX",48,125,901.72
"Dimmit, TX",48,127,1328.88
"Donley, TX",48,129,926.89
"Duval, TX",48,131,1793.48
"Eastland, TX",48,133,926.49
"Ector, TX",48,135,897.69
"Edwards, TX",48,137,2117.86
"Ellis, TX",48,139,935.49
"El Paso, TX",48,141,1012.69
"Erath, TX",48,143,1083.07
"Falls, TX",48,145,765.48
"Fannin, TX",48,147,890.84
"Fayette, TX",48,149,950.01
"Fisher, TX",48,151,898.94
"Floyd, TX",48,153,992.14
"Foard, TX",48,155,704.4
"Fort Bend, TX",48,157,861.48
"Franklin, TX",48,159,284.39
"Freestone, TX",48,161,877.74
"Frio, TX",48,163,1133.5
"Gaines, TX",48,165,1502.38
"Galveston, TX",48,167,378.36
"Garza, TX",48,169,893.41
"Gillespie, TX",48,171,1058.21
"Glasscock, TX",48,173,900.22
"Goliad, TX",48,175,852.01
"Gonzales, TX",48,177,1066.69
"Gray, TX",48,179,925.97
"Grayson, TX",48,181,932.8
"Gregg, TX",48,183,273.3
"Grimes, TX",48,185,787.46
"Guadalupe, TX",48,187,711.3
"Hale, TX",48,189,1004.68
"Hall, TX",48,191,883.49
"Hamilton, TX",48,193,835.91
"Hansford, TX",48,195,919.81
"Hardeman, TX",48,197,695.11
"Hardin, TX",48,199,890.57
"Harris, TX",48,201,1703.48
"Harrison, TX",48,203,899.95
"Hartley, TX",48,205,1462.03
"Haskell, TX",48,207,903.13
"Hays, TX",48,209,677.98
"Hemphill, TX",48,211,906.29
"Henderson, TX",48,213,873.75
"Hidalgo, TX",48,215,1570.87
"Hill, TX",48,217,958.86
"Hockley, TX",48,219,908.39
"Hood, TX",48,221,420.64
"Hopkins, TX",48,223,767.17
"Houston, TX",48,225,1230.91
"Howard, TX",48,227,900.79
"Hudspeth, TX",48,229,4570.98
"Hunt, TX",48,231,840.32
"Hutchinson, TX",48,233,887.42
"Irion, TX",48,235,1051.56
"Jack, TX",48,237,910.66
"Jackson, TX",48,239,829.44
"Jasper, TX",48,241,938.85
"Jeff Davis, TX",48,243,2264.56
"Jefferson, TX",48,245,876.3
"Jim Hogg, TX",48,247,1136.14
"Jim Wells, TX",48,249,864.97
"Johnson, TX",48,251,724.69
"Jones, TX",48,253,928.55
"Karnes, TX",48,255,747.56
"Kaufman, TX",48,257,780.7
"Kendall, TX",48,259,662.45
"Kenedy, TX",48,261,1458.33
"Kent, TX",48,263,902.51
"Kerr, TX",48,265,1103.32
"Kimble, TX",48,267,1250.99
"King, TX",48,269,910.87
"Kinney, TX",48,271,1360.06
"Kleberg, TX",48,273,881.31
"Knox, TX",48,275,850.62
"Lamar, TX",48,277,907.19
"Lamb, TX",48,279,1016.18
"Lampasas, TX",48,281,712.84
"La Salle, TX",48,283,1486.69
"Lavaca, TX",48,285,969.71
"Lee, TX",48,287,629.02
"Leon, TX",48,289,1073.15
"Liberty, TX",48,291,1158.42
"Limestone, TX",48,293,905.29
"Lipscomb, TX",48,295,932.18
"Live Oak, TX",48,297,1039.7
"Llano, TX",48,299,934.03
"Loving, TX",48,301,668.93
"Lubbock, TX",48,303,895.6
"Lynn, TX",48,305,891.87
"McCulloch, TX",48,307,1065.6
"McLennan, TX",48,309,1037.1
"McMullen, TX",48,311,1139.43
"Madison, TX",48,313,466.07
"Marion, TX",48,315,380.88
"Martin, TX",48,317,914.94
"Mason, TX",48,319,928.8
"Matagorda, TX",48,321,1100.28
"Maverick, TX",48,323,1279.26
"Medina, TX",48,325,1325.36
"Menard, TX",48,327,902.03
"Midland, TX",48,329,900.3
"Milam, TX",48,331,1016.93
"Mills, TX",48,333,748.26
"Mitchell, TX",48,335,911.09
"Montague, TX",48,337,930.91
"Montgomery, TX",48,339,1041.74
"Moore, TX",48,341,899.69
"Morris, TX",48,343,251.99
"Motley, TX",48,345,989.56
"Nacogdoches, TX",48,347,946.54
"Navarro, TX",48,349,1009.63
"Newton, TX",48,351,933.68
"Nolan, TX",48,353,912
"Nueces, TX",48,355,838.48
"Ochiltree, TX",48,357,917.63
"Oldham, TX",48,359,1500.53
"Orange, TX",48,361,333.67
"Palo Pinto, TX",48,363,951.79
"Panola, TX",48,365,801.75
"Parker, TX",48,367,903.48
"Parmer, TX",48,369,880.78
"Pecos, TX",48,371,4763.85
"Polk, TX",48,373,1057.09
"Potter, TX",48,375,908.37
"Presidio, TX",48,377,3855.24
"Rains, TX",48,379,229.45
"Randall, TX",48,381,911.54
"Reagan, TX",48,383,1175.3
"Real, TX",48,385,699.2
"Red River, TX",48,387,1036.58
"Reeves, TX",48,389,2635.38
"Refugio, TX",48,391,770.44
"Roberts, TX",48,393,924.06
"Robertson, TX",48,395,855.68
"Rockwall, TX",48,397,127.04
"Runnels, TX",48,399,1050.95
"Rusk, TX",48,401,924.03
"Sabine, TX",48,403,491.39
"San Augustine, TX",48,405,530.66
"San Jacinto, TX",48,407,569.24
"San Patricio, TX",48,409,693.45
"San Saba, TX",48,411,1135.3
"Schleicher, TX",48,413,1310.63
"Scurry, TX",48,415,905.44
"Shackelford, TX",48,417,914.29
"Shelby, TX",48,419,795.58
"Sherman, TX",48,421,923.04
"Smith, TX",48,423,921.45
"Somervell, TX",48,425,186.46
"Starr, TX",48,427,1223.18
"Stephens, TX",48,429,896.72
"Sterling, TX",48,431,923.45
"Stonewall, TX",48,433,916.31
"Sutton, TX",48,435,1453.93
"Swisher, TX",48,437,890.16
"Tarrant, TX",48,439,863.61
"Taylor, TX",48,441,915.55
"Terrell, TX",48,443,2358.03
"Terry, TX",48,445,888.84
"Throckmorton, TX",48,447,912.55
"Titus, TX",48,449,406.05
"Tom Green, TX",48,451,1521.97
"Travis, TX",48,453,990.2
"Trinity, TX",48,455,693.61
"Tyler, TX",48,457,924.5
"Upshur, TX",48,459,582.95
"Upton, TX",48,461,1241.32
"Uvalde, TX",48,463,1551.95
"Val Verde, TX",48,465,3144.75
"Van Zandt, TX",48,467,842.56
"Victoria, TX",48,469,882.14
"Walker, TX",48,471,784.17
"Waller, TX",48,473,513.43
"Ward, TX",48,475,835.6
"Washington, TX",48,477,603.95
"Webb, TX",48,479,3361.48
"Wharton, TX",48,481,1086.15
"Wheeler, TX",48,483,914.52
"Wichita, TX",48,485,627.78
"Wilbarger, TX",48,487,970.84
"Willacy, TX",48,489,590.55
"Williamson, TX",48,491,1118.3
"Wilson, TX",48,493,803.73
"Winkler, TX",48,495,841.11
"Wise, TX",48,497,904.42
"Wood, TX",48,499,645.23
"Yoakum, TX",48,501,799.71
"Young, TX",48,503,914.47
"Zapata, TX",48,505,998.41
"Zavala, TX",48,507,1297.41
UTAH,49,0,82169.62
"Beaver, UT",49,1,2589.88
"Box Elder, UT",49,3,5745.55
"Cache, UT",49,5,1164.81
"Carbon, UT",49,7,1478.49
"Daggett, UT",49,9,696.98
"Davis, UT",49,11,298.78
"Duchesne, UT",49,13,3240.95
"Emery, UT",49,15,4462.31
"Garfield, UT",49,17,5175.12
"Grand, UT",49,19,3671.54
"Iron, UT",49,21,3296.68
"Juab, UT",49,23,3392.28
"Kane, UT",49,25,3990.23
"Millard, UT",49,27,6572.43
"Morgan, UT",49,29,609.2
"Piute, UT",49,31,757.79
"Rich, UT",49,33,1028.78
"Salt Lake, UT",49,35,742.28
"San Juan, UT",49,37,7819.99
"Sanpete, UT",49,39,1590.15
"Sevier, UT",49,41,1910.58
"Summit, UT",49,43,1871.71
"Tooele, UT",49,45,6941.35
"Uintah, UT",49,47,4479.69
"Utah, UT",49,49,2003.45
"Wasatch, UT",49,51,1175.5
"Washington, UT",49,53,2426.36
"Wayne, UT",49,55,2460.68
"Weber, UT",49,57,576.08
VERMONT,50,0,9216.66
"Addison, VT",50,1,766.33
"Bennington, VT",50,3,674.98
"Caledonia, VT",50,5,648.86
"Chittenden, VT",50,7,536.58
"Essex, VT",50,9,663.6
"Franklin, VT",50,11,633.71
"Grand Isle, VT",50,13,81.81
"Lamoille, VT",50,15,458.8
"Orange, VT",50,17,687.03
"Orleans, VT",50,19,693.27
"Rutland, VT",50,21,929.82
"Washington, VT",50,23,687.23
"Windham, VT",50,25,785.31
"Windsor, VT",50,27,969.34
VIRGINIA,51,0,39490.09
"Accomack, VA",51,1,449.5
"Albemarle, VA",51,3,720.7
"Alleghany, VA",51,5,445.46
"Amelia, VA",51,7,355.27
"Amherst, VA",51,9,473.93
"Appomattox, VA",51,11,333.49
"Arlington, VA",51,13,25.97
"Augusta, VA",51,15,967
"Bath, VA",51,17,529.16
"Bedford, VA",51,19,753.02
"Bland, VA",51,21,357.73
"Botetourt, VA",51,23,541.2
"Brunswick, VA",51,25,566.17
"Buchanan, VA",51,27,502.76
"Buckingham, VA",51,29,579.66
"Campbell, VA",51,31,503.87
"Caroline, VA",51,33,527.51
"Carroll, VA",51,35,474.69
"Charles City, VA",51,36,182.82
"Charlotte, VA",51,37,475.27
"Chesterfield, VA",51,41,423.3
"Clarke, VA",51,43,176.18
"Craig, VA",51,45,329.53
"Culpeper, VA",51,47,379.23
"Cumberland, VA",51,49,297.46
"Dickenson, VA",51,51,330.53
"Dinwiddie, VA",51,53,503.72
"Essex, VA",51,57,257.12
"Fairfax, VA",51,59,390.97
"Fauquier, VA",51,61,647.45
"Floyd, VA",51,63,380.42
"Fluvanna, VA",51,65,286.01
"Franklin, VA",51,67,690.43
"Frederick, VA",51,69,413.5
"Giles, VA",51,71,355.78
"Gloucester, VA",51,73,217.81
"Goochland, VA",51,75,281.42
"Grayson, VA",51,77,442.18
"Greene, VA",51,79,156.25
"Greensville, VA",51,81,295.23
"Halifax, VA",51,83,817.84
"Hanover, VA",51,85,468.54
"Henrico, VA",51,87,233.7
"Henry, VA",51,89,382.33
"Highland, VA",51,91,415.16
"Isle of Wight, VA",51,93,315.61
"James City, VA",51,95,142.44
"King and Queen, VA",51,97,315.14
"King George, VA",51,99,179.64
"King William, VA",51,101,273.94
"Lancaster, VA",51,103,133.25
"Lee, VA",51,105,435.52
"Loudoun, VA",51,107,515.56
"Louisa, VA",51,109,496.3
"Lunenburg, VA",51,111,431.68
"Madison, VA",51,113,320.68
"Mathews, VA",51,115,85.93
"Mecklenburg, VA",51,117,625.49
"Middlesex, VA",51,119,130.31
"Montgomery, VA",51,121,387.01
"Nelson, VA",51,125,470.86
"New Kent, VA",51,127,209.73
"Northampton, VA",51,131,211.61
"Northumberland, VA",51,133,191.3
"Nottoway, VA",51,135,314.39
"Orange, VA",51,137,340.78
"Page, VA",51,139,310.86
"Patrick, VA",51,141,483.1
"Pittsylvania, VA",51,143,968.94
"Powhatan, VA",51,145,260.22
"Prince Edward, VA",51,147,349.96
"Prince George, VA",51,149,265.16
"Prince William, VA",51,153,336.4
"Pulaski, VA",51,155,319.86
"Rappahannock, VA",51,157,266.23
"Richmond, VA",51,159,191.49
"Roanoke, VA",51,161,250.52
"Rockbridge, VA",51,163,597.56
"Rockingham, VA",51,165,849.09
"Russell, VA",51,167,473.82
"Scott, VA",51,169,535.53
"Shenandoah, VA",51,171,508.78
"Smyth, VA",51,173,450.93
"Southampton, VA",51,175,599.15
"Spotsylvania, VA",51,177,401.5
"Stafford, VA",51,179,268.96
"Surry, VA",51,181,278.95
"Sussex, VA",51,183,490.22
"Tazewell, VA",51,185,518.85
"Warren, VA",51,187,213.47
"Washington, VA",51,191,560.98
"Westmoreland, VA",51,193,229.38
"Wise, VA",51,195,403.19
"Wythe, VA",51,197,461.82
"York, VA",51,199,104.78
"Alexandria, VA",51,510,15.03
"Bedford, VA",51,515,6.88
"Bristol, VA",51,520,13.01
"Buena Vista, VA",51,530,6.7
"Charlottesville, VA",51,540,10.24
"Chesapeake, VA",51,550,340.8
"Clifton Forge, VA",51,560,0
"Colonial Heights, VA",51,570,7.52
"Covington, VA",51,580,5.47
"Danville, VA",51,590,42.93
"Emporia, VA",51,595,6.89
"Fairfax, VA",51,600,6.24
"Falls Church, VA",51,610,2
"Franklin, VA",51,620,8.21
"Fredericksburg, VA",51,630,10.44
"Galax, VA",51,640,8.24
"Hampton, VA",51,650,51.41
"Harrisonburg, VA",51,660,17.42
"Hopewell, VA",51,670,10.28
"Lexington, VA",51,678,2.5
"Lynchburg, VA",51,680,49.13
"Manassas, VA",51,683,9.88
"Manassas Park, VA",51,685,2.53
"Martinsville, VA",51,690,10.96
"Newport News, VA",51,700,68.71
"Norfolk, VA",51,710,54.12
"Norton, VA",51,720,7.48
"Petersburg, VA",51,730,22.93
"Poquoson, VA",51,735,15.32
"Portsmouth, VA",51,740,33.65
"Radford, VA",51,750,9.87
"Richmond, VA",51,760,59.81
"Roanoke, VA",51,770,42.56
"Salem, VA",51,775,14.44
"South Boston, VA",51,780,0
"Staunton, VA",51,790,19.98
"Suffolk, VA",51,800,400.17
"Virginia Beach, VA",51,810,249.02
"Waynesboro, VA",51,820,15.04
"Williamsburg, VA",51,830,9.02
"Winchester, VA",51,840,9.23
WASHINGTON,53,0,66455.52
"Adams, WA",53,1,1924.98
"Asotin, WA",53,3,636.21
"Benton, WA",53,5,1700.38
"Chelan, WA",53,7,2920.53
"Clallam, WA",53,9,1738.33
"Clark, WA",53,11,629
"Columbia, WA",53,13,868.63
"Cowlitz, WA",53,15,1140.13
"Douglas, WA",53,17,1819.26
"Ferry, WA",53,19,2203.16
"Franklin, WA",53,21,1242.17
"Garfield, WA",53,23,710.69
"Grant, WA",53,25,2679.51
"Grays Harbor, WA",53,27,1902.03
"Island, WA",53,29,208.45
"Jefferson, WA",53,31,1803.7
"King, WA",53,33,2115.57
"Kitsap, WA",53,35,394.94
"Kittitas, WA",53,37,2297.27
"Klickitat, WA",53,39,1871.31
"Lewis, WA",53,41,2402.8
"Lincoln, WA",53,43,2310.49
"Mason, WA",53,45,959.42
"Okanogan, WA",53,47,5267.98
"Pacific, WA",53,49,932.66
"Pend Oreille, WA",53,51,1399.99
"Pierce, WA",53,53,1669.51
"San Juan, WA",53,55,173.92
"Skagit, WA",53,57,1731.2
"Skamania, WA",53,59,1655.68
"Snohomish, WA",53,61,2087.27
"Spokane, WA",53,63,1763.79
"Stevens, WA",53,65,2477.77
"Thurston, WA",53,67,721.96
"Wahkiakum, WA",53,69,263.38
"Walla Walla, WA",53,71,1270.13
"Whatcom, WA",53,73,2106.86
"Whitman, WA",53,75,2159.09
"Yakima, WA",53,77,4295.4
WEST VIRGINIA,54,0,24038.21
"Barbour, WV",54,1,341.06
"Berkeley, WV",54,3,321.14
"Boone, WV",54,5,501.54
"Braxton, WV",54,7,510.81
"Brooke, WV",54,9,89.21
"Cabell, WV",54,11,281.02
"Calhoun, WV",54,13,279.25
"Clay, WV",54,15,341.9
"Doddridge, WV",54,17,319.72
"Fayette, WV",54,19,661.55
"Gilmer, WV",54,21,338.5
"Grant, WV",54,23,477.37
"Greenbrier, WV",54,25,1019.57
"Hampshire, WV",54,27,640.25
"Hancock, WV",54,29,82.61
"Hardy, WV",54,31,582.31
"Harrison, WV",54,33,416.01
"Jackson, WV",54,35,464.35
"Jefferson, WV",54,37,209.64
"Kanawha, WV",54,39,901.59
"Lewis, WV",54,41,384.9
"Lincoln, WV",54,43,437.04
"Logan, WV",54,45,453.74
"McDowell, WV",54,47,533.46
"Marion, WV",54,49,308.74
"Marshall, WV",54,51,305.43
"Mason, WV",54,53,430.75
"Mercer, WV",54,55,418.99
"Mineral, WV",54,57,327.83
"Mingo, WV",54,59,423.11
"Monongalia, WV",54,61,360.06
"Monroe, WV",54,63,472.75
"Morgan, WV",54,65,229.07
"Nicholas, WV",54,67,646.82
"Ohio, WV",54,69,105.82
"Pendleton, WV",54,71,696.05
"Pleasants, WV",54,73,130.1
"Pocahontas, WV",54,75,940.28
"Preston, WV",54,77,648.81
"Putnam, WV",54,79,345.67
"Raleigh, WV",54,81,605.35
"Randolph, WV",54,83,1039.68
"Ritchie, WV",54,85,451.99
"Roane, WV",54,87,483.56
"Summers, WV",54,89,360.46
"Taylor, WV",54,91,172.77
"Tucker, WV",54,93,418.92
"Tyler, WV",54,95,256.29
"Upshur, WV",54,97,354.64
"Wayne, WV",54,99,505.98
"Webster, WV",54,101,553.47
"Wetzel, WV",54,103,358.06
"Wirt, WV",54,105,232.51
"Wood, WV",54,107,366.26
"Wyoming, WV",54,109,499.45
WISCONSIN,55,0,54157.8
"Adams, WI",55,1,645.65
"Ashland, WI",55,3,1045.04
"Barron, WI",55,5,862.71
"Bayfield, WI",55,7,1477.86
"Brown, WI",55,9,529.71
"Buffalo, WI",55,11,671.64
"Burnett, WI",55,13,821.85
"Calumet, WI",55,15,318.24
"Chippewa, WI",55,17,1008.37
"Clark, WI",55,19,1209.82
"Columbia, WI",55,21,765.53
"Crawford, WI",55,23,570.66
"Dane, WI",55,25,1197.24
"Dodge, WI",55,27,875.63
"Door, WI",55,29,481.98
"Douglas, WI",55,31,1304.14
"Dunn, WI",55,33,850.11
"Eau Claire, WI",55,35,637.98
"Florence, WI",55,37,488.2
"Fond du Lac, WI",55,39,719.55
"Forest, WI",55,41,1014.07
"Grant, WI",55,43,1146.85
"Green, WI",55,45,583.96
"Green Lake, WI",55,47,349.44
"Iowa, WI",55,49,762.58
"Iron, WI",55,51,758.17
"Jackson, WI",55,53,987.72
"Jefferson, WI",55,55,556.47
"Juneau, WI",55,57,766.93
"Kenosha, WI",55,59,271.99
"Kewaunee, WI",55,61,342.52
"La Crosse, WI",55,63,451.69
"Lafayette, WI",55,65,633.59
"Langlade, WI",55,67,870.64
"Lincoln, WI",55,69,878.97
"Manitowoc, WI",55,71,589.08
"Marathon, WI",55,73,1544.98
"Marinette, WI",55,75,1399.35
"Marquette, WI",55,77,455.6
"Menominee, WI",55,78,357.61
"Milwaukee, WI",55,79,241.4
"Monroe, WI",55,81,900.78
"Oconto, WI",55,83,997.99
"Oneida, WI",55,85,1112.97
"Outagamie, WI",55,87,637.52
"Ozaukee, WI",55,89,233.08
"Pepin, WI",55,91,231.98
"Pierce, WI",55,93,573.75
"Polk, WI",55,95,913.96
"Portage, WI",55,97,800.68
"Price, WI",55,99,1254.38
"Racine, WI",55,101,332.5
"Richland, WI",55,103,586.15
"Rock, WI",55,105,718.14
"Rusk, WI",55,107,913.59
"St. Croix, WI",55,109,722.33
"Sauk, WI",55,111,830.9
"Sawyer, WI",55,113,1257.31
"Shawano, WI",55,115,893.06
"Sheboygan, WI",55,117,511.27
"Taylor, WI",55,119,974.88
"Trempealeau, WI",55,121,732.97
"Vernon, WI",55,123,791.58
"Vilas, WI",55,125,856.6
"Walworth, WI",55,127,555.13
"Washburn, WI",55,129,797.11
"Washington, WI",55,131,430.7
"Waukesha, WI",55,133,549.57
"Waupaca, WI",55,135,747.71
"Waushara, WI",55,137,626.15
"Winnebago, WI",55,139,434.49
"Wood, WI",55,141,793.12
WYOMING,56,0,97093.14
"Albany, WY",56,1,4273.84
"Big Horn, WY",56,3,3137.1
"Campbell, WY",56,5,4802.71
"Carbon, WY",56,7,7897.58
"Converse, WY",56,9,4254.88
"Crook, WY",56,11,2854.41
"Fremont, WY",56,13,9183.81
"Goshen, WY",56,15,2225.39
"Hot Springs, WY",56,17,2004.09
"Johnson, WY",56,19,4154.15
"Laramie, WY",56,21,2685.91
"Lincoln, WY",56,23,4076.13
"Natrona, WY",56,25,5340.35
"Niobrara, WY",56,27,2626.04
"Park, WY",56,29,6942.08
"Platte, WY",56,31,2084.21
"Sheridan, WY",56,33,2523.99
"Sublette, WY",56,35,4886.54
"Sweetwater, WY",56,37,10426.65
"Teton, WY",56,39,3995.38
"Uinta, WY",56,41,2081.26
"Washakie, WY",56,43,2238.55
"Weston, WY",56,45,2398.09
